,index,Date,Open,High,Low,Close,Adj Close,Volume,adjClose,volume,Percent Price Change Within Period,Scaled Volume,SMA(3),t+1
0,0,2017-06-29,150.0,165.0,150.0,150.0,150.0,2737027,150.0,2737027,0.0,8.368316819142697,,140.100006
1,1,2017-06-30,149.699997,151.5,137.550003,140.100006,140.100006,827007,140.100006,827007,-6.412819767791972,2.528530623793168,,145.050003
2,2,2017-07-03,142.199997,145.050003,133.199997,145.050003,145.050003,284700,145.050003,284700,2.0042236709751884,0.8704553511565379,,132.600006
3,3,2017-07-05,144.0,144.449997,131.699997,132.600006,132.600006,340253,132.600006,340253,-7.916662499999995,1.0403057414719548,145.050003,120.900002
4,4,2017-07-06,132.449997,132.600006,119.25,120.900002,120.900002,836460,120.900002,836460,-8.720268223184629,2.557432676601327,139.25000500000002,115.949997
5,5,2017-07-07,121.650002,123.599998,110.400002,115.949997,115.949997,546633,115.949997,546633,-4.685577399332887,1.6713017912495673,132.85000366666668,122.099998
6,6,2017-07-10,117.150002,124.800003,114.300003,122.099998,122.099998,363347,122.099998,363347,4.225348626114406,1.1109144379229876,123.15000166666665,107.099998
7,7,2017-07-11,114.0,118.199997,106.199997,107.099998,107.099998,438260,107.099998,438260,-6.052633333333334,1.3399570150961164,119.64999899999998,113.400002
8,8,2017-07-12,106.949997,114.599998,106.5,113.400002,113.400002,234360,113.400002,234360,6.030860384222362,0.716543435535814,115.04999766666667,111.0
9,9,2017-07-13,110.400002,117.0,110.324997,111.0,111.0,132793,111.0,132793,0.5434764394297741,0.40600764821261026,114.19999933333332,110.400002
10,10,2017-07-14,109.650002,112.349998,108.0,110.400002,110.400002,105013,110.400002,105013,0.6839945155678155,0.3210717519880629,110.5,98.849998
11,11,2017-07-17,103.199997,103.5,96.75,98.849998,98.849998,555013,98.849998,555013,-4.2151154326099425,1.696923202709672,111.60000133333331,95.400002
12,12,2017-07-18,98.550003,99.300003,93.449997,95.400002,95.400002,339553,95.400002,339553,-3.1963479493755096,1.0381655281041655,106.75,99.75
13,13,2017-07-19,95.849998,103.199997,95.25,99.75,99.75,267687,99.75,267687,4.068859761478556,0.8184389939762563,101.55000066666666,97.800003
14,14,2017-07-20,99.0,100.949997,96.300003,97.800003,97.800003,100447,97.800003,100447,-1.2121181818181779,0.30711144593474105,98.0,98.25
15,15,2017-07-21,97.349998,100.199997,96.75,98.25,98.25,73860,98.25,73860,0.9245013030200583,0.2258230847784401,97.65000166666668,111.150002
16,16,2017-07-24,108.300003,117.974998,105.0,111.150002,111.150002,1071407,111.150002,1071407,2.6315779511104878,3.2757708339184153,98.60000100000002,112.5
17,17,2017-07-25,117.150002,117.599998,110.849998,112.5,112.5,308760,112.5,308760,-3.969271805902317,0.94401754205512,102.40000166666668,101.25
18,18,2017-07-26,111.315002,111.599998,101.25,101.25,101.25,302193,101.25,302193,-9.041909732885784,0.9239392832175893,107.30000066666668,100.800003
19,19,2017-07-27,103.5,104.25,98.550003,100.800003,100.800003,140460,100.800003,140460,-2.6086927536231848,0.42944909948523824,108.30000066666668,101.099998
20,20,2017-07-28,103.199997,103.5,99.75,101.099998,101.099998,129220,101.099998,129220,-2.034882811091552,0.3950833876938807,104.85000100000002,99.150002
21,21,2017-07-31,103.349998,103.5,98.849998,99.150002,99.150002,93093,99.150002,93093,-4.063856875933369,0.2846269757822817,101.05000033333336,95.550003
22,22,2017-08-01,100.050003,100.5,94.5,95.550003,95.550003,141147,95.550003,141147,-4.497750989572684,0.4315495660333399,100.35000100000002,93.0
23,23,2017-08-02,95.550003,95.550003,90.75,93.0,93.0,255527,93.0,255527,-2.668762867542771,0.7812604303300902,98.60000100000002,93.300003
24,24,2017-08-03,93.75,96.300003,90.75,93.300003,93.300003,185427,93.300003,185427,-0.4799967999999959,0.5669333487843462,95.90000166666668,87.449997
25,25,2017-08-04,94.050003,95.25,85.5,87.449997,87.449997,506180,87.449997,506180,-7.017550015389162,1.5476188607250312,93.950002,87.75
26,26,2017-08-07,88.5,89.084999,87.0,87.75,87.75,242960,87.75,242960,-0.847457627118644,0.742837485482938,91.25,87.150002
27,27,2017-08-08,87.0,89.25,85.949997,87.150002,87.150002,155313,87.150002,155313,0.17241609195402371,0.4748613697020561,89.5,93.599998
28,28,2017-08-09,85.800003,98.25,82.650002,93.599998,93.599998,326873,93.599998,326873,9.090902945539518,0.999397091670499,87.44999966666666,77.099998
29,29,2017-08-10,80.699997,85.5,75.449997,77.099998,77.099998,1107767,77.099998,1107767,-4.4609654694287,3.3869396311367215,89.49999999999999,76.800003
30,30,2017-08-11,76.199997,78.0,75.0,76.800003,76.800003,219873,76.800003,219873,0.7874094798192809,0.6722501911655829,85.94999933333331,80.400002
31,31,2017-08-14,76.199997,81.75,75.449997,80.400002,80.400002,214807,80.400002,214807,5.511817802302544,0.6567611612781259,82.49999966666664,84.75
32,32,2017-08-15,81.75,87.300003,79.650002,84.75,84.75,213327,84.75,213327,3.669724770642202,0.6522361387290859,78.10000099999998,82.5
33,33,2017-08-16,85.199997,85.800003,82.050003,82.5,82.5,102887,82.5,102887,-3.16901067496516,0.31457161824532043,80.65000166666665,80.849998
34,34,2017-08-17,81.900002,85.349998,79.949997,80.849998,80.849998,171013,80.849998,171013,-1.2820561347483255,0.522863298093899,82.55000066666663,79.650002
35,35,2017-08-18,79.5,80.400002,76.800003,79.650002,79.650002,101373,79.650002,101373,0.1886817610062901,0.30994264247555925,82.6999993333333,78.599998
36,36,2017-08-21,79.349998,79.410004,76.199997,78.599998,78.599998,113353,78.599998,113353,-0.9451796079440355,0.3465708655414368,80.99999999999996,78.75
37,37,2017-08-22,77.099998,79.650002,76.650002,78.75,78.75,211100,78.75,211100,2.1400804705598055,0.6454272027718482,79.69999933333331,82.050003
38,38,2017-08-23,78.0,83.25,77.400002,82.050003,82.050003,117420,82.050003,117420,5.192311538461544,0.35900550520829183,78.99999999999997,82.199997
39,39,2017-08-24,81.599998,84.75,81.300003,82.199997,82.199997,112187,82.199997,112187,0.7352929101787439,0.34300588156023365,79.80000033333332,80.849998
40,40,2017-08-25,81.75,82.949997,79.949997,80.849998,80.849998,78680,80.849998,78680,-1.1009198776758418,0.24055998253950267,80.99999999999997,80.699997
41,41,2017-08-28,80.25,81.824997,77.760002,80.699997,80.699997,73333,80.699997,73333,0.5607439252336401,0.22421180985726166,81.69999933333331,77.550003
42,42,2017-08-29,79.5,80.699997,77.400002,77.550003,77.550003,106293,77.550003,106293,-2.452826415094335,0.32498528500344886,81.2499973333333,79.949997
43,43,2017-08-30,78.0,80.25,77.699997,79.949997,79.949997,60467,79.949997,60467,2.499996153846149,0.18487468815729674,79.69999933333331,78.599998
44,44,2017-08-31,81.449997,82.050003,78.300003,78.599998,78.599998,72767,78.599998,72767,-3.4990780908193244,0.22248129447702072,79.39999899999997,78.300003
45,45,2017-09-01,78.300003,78.870003,77.400002,78.300003,78.300003,66713,78.300003,66713,0.0,0.20397150629331268,78.69999933333331,78.300003
46,46,2017-09-05,78.150002,80.25,77.849998,78.300003,78.300003,66547,78.300003,66547,0.1919398543329572,0.2034639699803798,78.94999933333331,82.050003
47,47,2017-09-06,78.0,84.300003,77.699997,82.050003,82.050003,215800,82.050003,215800,5.192311538461544,0.6597972068127183,78.40000133333331,80.099998
48,48,2017-09-07,82.349998,83.25,79.08000200000001,80.099998,80.099998,118613,80.099998,118613,-2.732240503515252,0.3626530402765382,79.55000299999998,80.699997
49,49,2017-09-08,80.699997,82.349998,79.650002,80.699997,80.699997,100580,80.699997,100580,0.0,0.307518086474621,80.15000133333331,81.150002
50,50,2017-09-11,81.599998,81.974998,79.650002,81.150002,81.150002,78607,81.150002,78607,-0.5514656997908245,0.24033678885971893,80.94999933333331,80.550003
51,51,2017-09-12,81.75,81.75,79.199997,80.550003,80.550003,116027,80.550003,116027,-1.4678862385321054,0.3547464806063914,80.64999899999997,80.849998
52,52,2017-09-13,79.800003,81.75,79.5,80.849998,80.849998,70353,80.849998,70353,1.3157831585545123,0.21510061580581635,80.80000066666663,84.75
53,53,2017-09-14,80.849998,88.949997,80.849998,84.75,84.75,310493,84.75,310493,4.823750273933217,0.9493160988642323,80.85000099999996,90.900002
54,54,2017-09-15,86.849998,92.400002,85.650002,90.900002,90.900002,282840,90.900002,282840,4.663217148260615,0.8647684984935553,82.0500003333333,85.050003
55,55,2017-09-18,93.599998,93.75,84.75,85.050003,85.050003,215827,85.050003,215827,-9.134610237919018,0.6598797578997616,85.49999999999996,82.650002
56,56,2017-09-19,84.900002,86.849998,80.400002,82.650002,82.650002,241193,82.650002,241193,-2.650176616014685,0.7374349754531045,86.90000166666664,78.300003
57,57,2017-09-20,82.5,82.949997,78.0,78.300003,78.300003,225047,78.300003,225047,-5.0909054545454495,0.6880694254012132,86.2000023333333,78.449997
58,58,2017-09-21,83.25,85.199997,78.0,78.449997,78.449997,233807,78.449997,233807,-5.765769369369374,0.7148526669752605,82.00000266666663,77.849998
59,59,2017-09-22,78.599998,79.5,76.800003,77.849998,77.849998,182493,77.849998,182493,-0.9541984975623027,0.5579627973256414,79.80000066666663,83.099998
60,60,2017-09-25,79.800003,83.595001,78.449997,83.099998,83.099998,382660,83.099998,382660,4.13533192473689,1.169962924740291,78.1999993333333,87.0
61,61,2017-09-26,84.0,88.574997,82.724998,87.0,87.0,236080,87.0,236080,3.571428571428571,0.7218022455252388,79.79999766666663,87.0
62,62,2017-09-27,88.349998,88.949997,82.650002,87.0,87.0,166600,87.0,166600,-1.5280113532090849,0.5093707815338223,82.64999866666663,83.849998
63,63,2017-09-28,87.0,87.599998,81.900002,83.849998,83.849998,141727,83.849998,141727,-3.6206919540229894,0.43332288568093663,85.69999933333331,81.75
64,64,2017-09-29,83.400002,83.849998,81.599998,81.75,81.75,89413,81.75,89413,-1.9784196168244703,0.27337556836304716,85.94999933333331,81.599998
65,65,2017-10-02,81.300003,83.099998,81.0,81.599998,81.599998,76627,81.599998,76627,0.36899752635924943,0.23428304247654386,84.19999933333331,80.099998
66,66,2017-10-03,81.150002,82.349998,79.574997,80.099998,80.099998,162373,80.099998,162373,-1.2939050820972269,0.49644695024004404,82.39999866666665,80.099998
67,67,2017-10-04,80.550003,80.849998,79.199997,80.099998,80.099998,73280,80.099998,73280,-0.5586654043948382,0.22404976513084335,81.14999866666666,79.800003
68,68,2017-10-05,80.099998,80.849998,78.75,79.800003,79.800003,91567,79.800003,91567,-0.3745256023601843,0.2799613106405013,80.59999799999999,78.75
69,69,2017-10-06,79.5,80.099998,78.75,78.75,78.75,56360,78.75,56360,-0.9433962264150944,0.17231775058371085,79.99999966666665,77.25
70,70,2017-10-09,78.75,79.394997,77.25,77.25,77.25,158820,77.25,158820,-1.9047619047619049,0.48558383867467986,79.55000033333333,76.349998
71,71,2017-10-10,77.25,78.449997,75.900002,76.349998,76.349998,113800,76.349998,113800,-1.165051132686085,0.34793754464915355,78.60000099999999,76.349998
72,72,2017-10-11,76.5,77.099998,75.75,76.349998,76.349998,62487,76.349998,62487,-0.19608104575163482,0.19105073244720264,77.44999933333332,76.199997
73,73,2017-10-12,76.349998,76.800003,75.449997,76.199997,76.199997,69620,76.199997,69620,-0.19646496912809763,0.21285950666497427,76.64999866666665,77.400002
74,74,2017-10-13,76.5,79.199997,75.900002,77.400002,77.400002,148367,77.400002,148367,1.1764732026143798,0.45362433819825104,76.29999766666664,78.75
75,75,2017-10-16,78.75,79.875,77.25,78.75,78.75,113060,78.75,113060,0.0,0.34567503337463357,76.649999,80.699997
76,76,2017-10-17,79.050003,80.699997,78.0,80.699997,80.699997,158767,80.699997,158767,2.0872788581677755,0.48542179394826157,77.44999966666664,79.5
77,77,2017-10-18,80.550003,83.175003,79.349998,79.5,79.5,142980,79.5,142980,-1.3035418508923007,0.4371538676092792,78.94999966666666,77.550003
78,78,2017-10-19,78.300003,79.5,76.5,77.550003,77.550003,128920,77.550003,128920,-0.957854369430867,0.3941661533933996,79.649999,76.199997
79,79,2017-10-20,78.150002,78.150002,76.050003,76.199997,76.199997,123873,76.199997,123873,-2.495207869604411,0.3787352150116397,79.25,77.25
80,80,2017-10-23,76.050003,77.400002,75.150002,77.25,77.25,105140,77.25,105140,1.5779052631989983,0.32146004784193327,77.75,76.199997
81,81,2017-10-24,76.349998,77.699997,75.75,76.199997,76.199997,65180,76.199997,65180,-0.19646496912809763,0.1992844390178544,77.0,75.150002
82,82,2017-10-25,75.75,76.349998,72.449997,75.150002,75.150002,184500,75.150002,184500,-0.7920765676567649,0.5640990947958597,76.549998,75.449997
83,83,2017-10-26,74.699997,77.099998,73.800003,75.449997,75.449997,72353,75.449997,72353,1.00401610457896,0.22121551114235682,76.19999966666666,76.949997
84,84,2017-10-27,75.449997,77.099998,74.550003,76.949997,76.949997,70280,76.949997,70280,1.9880716496251154,0.2148774221260326,75.59999866666665,75.150002
85,85,2017-10-30,76.050003,77.699997,74.849998,75.150002,75.150002,95547,75.150002,95547,-1.1834332209033616,0.2921299523602168,75.84999866666665,71.550003
86,86,2017-10-31,74.849998,75.449997,71.25,71.550003,71.550003,172100,71.550003,172100,-4.408811073047718,0.5261867437093087,75.84999866666665,70.050003
87,87,2017-11-01,71.25,72.75,69.150002,70.050003,70.050003,152973,70.050003,152973,-1.6842063157894684,0.4677069421583038,74.55000066666663,57.0
88,88,2017-11-02,71.400002,73.349998,56.25,57.0,57.0,461980,57.0,461980,-20.168069463079288,1.4124796737874865,72.25000266666665,56.849998
89,89,2017-11-03,57.150002,58.049999,53.43,56.849998,56.849998,184907,56.849998,184907,-0.5249413639565599,0.5653434759968456,66.20000199999997,58.200001
90,90,2017-11-06,56.400002,59.849998,56.400002,58.200001,58.200001,142400,58.200001,142400,3.191487475479167,0.4353805479616825,61.30000033333331,45.75
91,91,2017-11-07,57.75,58.5,45.450001,45.75,45.75,806733,45.75,806733,-20.77922077922078,2.466543929766657,57.34999966666663,47.849998
92,92,2017-11-08,46.349998,48.75,46.049999,47.849998,47.849998,131613,47.849998,131613,3.236246094336401,0.4023998599640514,53.59999966666663,46.349998
93,93,2017-11-09,47.400002,48.525002,46.125,46.349998,46.349998,198207,46.349998,198207,-2.21519821876801,0.6060075299848399,50.59999966666663,47.549999
94,94,2017-11-10,46.200001,48.599998,46.200001,47.549999,47.549999,76400,47.549999,76400,2.922073529825247,0.2335890018558465,46.649998666666626,45.900002
95,95,2017-11-13,47.25,47.849998,45.900002,45.900002,45.900002,85713,45.900002,85713,-2.857138624338623,0.2620630119904473,47.2499983333333,45.900002
96,96,2017-11-14,46.5,46.5,45.299999,45.900002,45.900002,72800,45.900002,72800,-1.290318279569891,0.22258219025007364,46.59999966666663,46.349998
97,97,2017-11-15,45.75,46.650002,45.299999,46.349998,46.349998,76233,46.349998,76233,1.3114710382513648,0.23307840809524538,46.450000999999965,46.200001
98,98,2017-11-16,46.349998,46.799999,45.945,46.200001,46.200001,63273,46.200001,63273,-0.32361813694144936,0.19345388631446303,46.05000066666664,45.599998
99,99,2017-11-17,46.049999,46.5,45.599998,45.599998,45.599998,76693,45.599998,76693,-0.9772008898414966,0.2344848340226497,46.1500003333333,45.150002
100,100,2017-11-20,46.200001,46.5,44.549999,45.150002,45.150002,91680,45.150002,91680,-2.2727250590319246,0.2803068022270158,46.049998999999964,44.849998
101,101,2017-11-21,45.450001,46.049999,44.849998,44.849998,44.849998,46767,44.849998,46767,-1.3201385848154348,0.14298765510199443,45.6500003333333,44.549999
102,102,2017-11-22,45.150002,45.299999,44.099998,44.549999,44.549999,79200,44.549999,79200,-1.3289102401368686,0.2421498553270032,45.1999993333333,46.950001
103,103,2017-11-24,44.700001,48.0,44.700001,46.950001,46.950001,147160,46.950001,147160,5.033556934372328,0.44993399886264884,44.84999966666664,46.049999
104,104,2017-11-27,46.799999,48.450001,45.900002,46.049999,46.049999,88867,46.049999,88867,-1.6025641368069259,0.2717062019361716,45.44999933333332,45.75
105,105,2017-11-28,45.900002,47.025002,45.150002,45.75,45.75,170613,45.75,170613,-0.3268017286796646,0.5216403190265908,45.84999966666664,44.849998
106,106,2017-11-29,45.75,46.049999,44.849998,44.849998,44.849998,98287,44.849998,98287,-1.9672174863387994,0.3005073589712773,46.24999999999998,44.849998
107,107,2017-11-30,45.150002,45.974998,44.400002,44.849998,44.849998,70440,44.849998,70440,-0.6644606571667511,0.21536661375295588,45.54999899999998,48.450001
108,108,2017-12-01,47.25,50.25,45.764998999999996,48.450001,48.450001,423733,48.450001,423733,2.5396846560846567,1.2955414728191545,45.14999866666665,56.400002
109,109,2017-12-04,51.599998,64.650002,51.18,56.400002,56.400002,771147,56.400002,771147,9.302333693888905,2.3577415970435927,46.04999899999998,56.400002
110,110,2017-12-05,57.75,57.900002,52.5,56.400002,56.400002,205527,56.400002,205527,-2.3376588744588735,0.6283880469165781,49.90000033333331,56.099998
111,111,2017-12-06,55.049999,57.150002,54.0,56.099998,56.099998,85967,56.099998,85967,1.9073551663461423,0.26283960369818793,53.75000166666664,56.700001
112,112,2017-12-07,56.849998,57.599998,55.5,56.700001,56.700001,112567,56.700001,112567,-0.26384697498142223,0.34416771167417637,56.30000066666664,57.599998
113,113,2017-12-08,57.224998,57.599998,56.400002,57.599998,57.599998,86813,57.599998,86813,0.6553080176603938,0.26542620442554454,56.4000003333333,57.75
114,114,2017-12-11,57.825001,58.950001,57.165001000000004,57.75,57.75,112073,57.75,112073,-0.12970341323470158,0.34265733252605085,56.799998999999964,59.700001
115,115,2017-12-12,59.400002,59.849998,58.200001,59.700001,59.700001,113260,59.700001,113260,0.5050488045438107,0.34628652290828765,57.34999966666663,59.549999
116,116,2017-12-13,59.25,60.150002,57.150002,59.549999,59.549999,154573,59.549999,154573,0.506327426160337,0.4725988584275362,58.34999966666663,63.150002
117,117,2017-12-14,62.400002,64.349998,60.299999,63.150002,63.150002,235367,63.150002,235367,1.2019230383999027,0.7196222853377621,58.99999999999997,63.299999
118,118,2017-12-15,63.299999,65.025002,63.0,63.299999,63.299999,123760,63.299999,123760,0.0,0.37838972342512517,60.80000066666664,64.5
119,119,2017-12-18,64.349998,64.5,63.0,64.5,64.5,130973,64.5,130973,0.2331033483482014,0.4004430934563584,61.99999999999998,66.75
120,120,2017-12-19,64.650002,68.25,63.900002,66.75,66.75,144813,66.75,144813,3.248256666720597,0.4427581691852186,63.65000033333331,66.150002
121,121,2017-12-20,67.5,68.400002,66.150002,66.150002,66.150002,97113,66.150002,97113,-1.9999970370370361,0.29691791540872803,64.84999966666665,60.599998
122,122,2017-12-21,66.0,66.599998,60.0,60.599998,60.599998,178553,60.599998,178553,-8.181821212121212,0.5459164535126566,65.80000066666663,60.599998
123,123,2017-12-22,60.599998,62.625,60.150002,60.599998,60.599998,89160,60.599998,89160,0.0,0.2726020341029748,64.49999999999996,62.099998
124,124,2017-12-26,60.599998,63.299999,60.150002,62.099998,62.099998,58420,62.099998,58420,2.4752476064438156,0.17861609278034754,62.449999333333295,63.150002
125,125,2017-12-27,62.099998,65.099998,61.650002,63.150002,63.150002,102293,63.150002,102293,1.690827751717482,0.31275549433036787,61.099997999999964,64.349998
126,126,2017-12-28,63.299999,65.25,63.150002,64.349998,64.349998,81580,64.349998,81580,1.6587662189378545,0.24942658077748636,61.949999333333295,60.450001
127,127,2017-12-29,63.75,64.5,60.299999,60.450001,60.450001,103947,60.450001,103947,-5.1764690196078424,0.3178125127736869,63.199999333333295,61.950001
128,128,2018-01-02,60.900002,62.400002,60.299999,61.950001,61.950001,65313,61.950001,65313,1.724136232376478,0.19969107955773432,62.6500003333333,61.5
129,129,2018-01-03,62.25,62.549999,60.375,61.5,61.5,79407,61.5,79407,-1.2048192771084338,0.24278274699433514,62.24999999999997,59.849998
130,130,2018-01-04,61.5,61.950001,58.650002,59.849998,59.849998,134287,59.849998,134287,-2.682930081300814,0.41057547502900604,61.30000066666664,58.650002
131,131,2018-01-05,59.700001,60.900002,58.650002,58.650002,58.650002,75220,58.650002,75220,-1.7587922653468626,0.22998121360728763,61.09999966666663,55.650002
132,132,2018-01-08,58.5,58.5,54.599998,55.650002,55.650002,102807,55.650002,102807,-4.871791452991451,0.3143270224318588,59.999999999999964,52.200001
133,133,2018-01-09,55.5,55.875,52.200001,52.200001,52.200001,103233,52.200001,103233,-5.945944144144144,0.31562949513854194,58.05000066666663,51.0
134,134,2018-01-10,50.849998,52.950001,50.025002,51.0,51.0,103667,51.0,103667,0.2949891954764691,0.3169564274265712,55.500001666666634,52.950001
135,135,2018-01-11,51.0,53.400002,51.0,52.950001,52.950001,82700,52.950001,82700,3.82353137254902,0.252850922165949,52.950000999999965,51.150002
136,136,2018-01-12,53.099998,53.400002,50.849998,51.150002,51.150002,147987,51.150002,147987,-3.6723089895408263,0.4524625080843083,52.05000066666663,47.700001
137,137,2018-01-16,51.299999,51.299999,47.25,47.700001,47.700001,136187,47.700001,136187,-7.017540097807798,0.41638462559871947,51.700000999999965,47.400002
138,138,2018-01-17,48.0,48.299999,46.5,47.400002,47.400002,88653,47.400002,88653,-1.2499958333333319,0.2710519081351618,50.600001333333296,48.0
139,139,2018-01-18,47.849998,50.25,47.25,48.0,48.0,124607,48.0,124607,0.31348381665554226,0.3809793816001501,48.75000166666663,45.900002
140,140,2018-01-19,48.0,49.049999,45.299999,45.900002,45.900002,180400,45.900002,180400,-4.374995833333331,0.5515635593559517,47.70000099999996,48.150002
141,141,2018-01-22,45.75,48.75,45.0,48.150002,48.150002,124760,48.150002,124760,5.245906010928963,0.38144717109339543,47.100001333333296,48.0
142,142,2018-01-23,48.150002,48.150002,46.799999,48.0,48.0,67087,48.0,67087,-0.3115306204971718,0.20511499172124575,47.350001333333296,46.200001
143,143,2018-01-24,48.0,48.435001,45.75,46.200001,46.200001,83333,46.200001,83333,-3.749997916666666,0.2547862865399641,47.350001333333296,45.75
144,144,2018-01-25,46.5,48.0,45.75,45.75,45.75,125880,45.75,125880,-1.6129032258064515,0.3848715124818581,47.45000099999996,46.349998
145,145,2018-01-26,46.200001,46.799999,45.599998,46.349998,46.349998,68027,46.349998,68027,0.3246688241413654,0.20798899252941977,46.65000033333329,46.799999
146,146,2018-01-29,46.650002,46.950001,46.049999,46.799999,46.799999,88047,46.799999,88047,0.3215369637068805,0.26919909484819005,46.099999666666626,45.75
147,147,2018-01-30,46.200001,46.349998,45.150002,45.75,45.75,64027,45.75,64027,-0.9740281174452796,0.1957592018563388,46.29999899999996,44.849998
148,148,2018-01-31,46.349998,46.349998,44.549999,44.849998,44.849998,148087,44.849998,148087,-3.236246094336401,0.45276825285113537,46.29999899999996,45.299999
149,149,2018-02-01,44.849998,46.395,44.25,45.299999,45.299999,58813,45.299999,58813,1.0033467560020857,0.17981766971397775,45.79999899999996,45.599998
150,150,2018-02-02,47.549999,48.599998,45.450001,45.599998,45.599998,398347,45.599998,398347,-4.100948561534145,1.217925106312446,45.29999899999996,46.200001
151,151,2018-02-05,47.25,47.400002,45.0,46.200001,46.200001,203367,46.200001,203367,-2.222220105820105,0.6217839599531143,45.24999833333329,46.799999
152,152,2018-02-06,45.75,47.25,45.450001,46.799999,46.799999,127593,46.799999,127593,2.2950797814207644,0.390108920337605,45.699999333333295,48.0
153,153,2018-02-07,46.799999,49.349998,46.650002,48.0,48.0,177220,48.0,177220,2.564104755643265,0.5418408757708524,46.19999933333329,55.5
154,154,2018-02-08,50.099998,55.799999,48.75,55.5,55.5,547160,55.5,547160,10.778447536065771,1.6729130661707456,46.99999999999995,48.900002
155,155,2018-02-09,54.299999,54.599998,46.650002,48.900002,48.900002,343893,48.900002,343893,-9.944746039498083,1.0514348509844584,50.09999966666661,50.25
156,156,2018-02-12,51.150002,51.75,49.5,50.25,50.25,232913,50.25,232913,-1.7595346330582757,0.712119308759827,50.80000066666662,50.25
157,157,2018-02-13,54.900002,63.0,49.049999,50.25,50.25,1014253,50.25,1014253,-8.469948689619358,3.101025469886098,51.55000066666662,52.049999
158,158,2018-02-14,51.75,53.25,50.25,52.049999,52.049999,213480,52.049999,213480,0.5797082125603858,0.6527039282223314,49.80000066666662,49.650002
159,159,2018-02-15,52.950001,53.07,48.75,49.650002,49.650002,190267,49.650002,190267,-6.2322926112881465,0.5817313954987742,50.849999666666626,53.400002
160,160,2018-02-16,50.400002,55.5,50.400002,53.400002,53.400002,533027,53.400002,533027,5.952380716175369,1.6297021582750824,50.65000033333329,50.849998
161,161,2018-02-20,54.0,54.299999,50.849998,50.849998,50.849998,218313,50.849998,218313,-5.8333370370370385,0.6674805728030814,51.70000099999996,49.049999
162,162,2018-02-21,52.349998,52.349998,48.375,49.049999,49.049999,185300,49.049999,185300,-6.30372325897701,0.5665450529304759,51.30000066666662,49.650002
163,163,2018-02-22,49.049999,50.700001,48.0,49.650002,49.650002,103447,49.650002,103447,1.2232477313608119,0.3162837889395517,51.099999666666626,46.5
164,164,2018-02-23,49.349998,49.5,45.75,46.5,46.5,648240,46.5,648240,-5.775072169202518,1.981959876479502,49.849999666666626,44.549999
165,165,2018-02-26,46.5,46.950001,44.25,44.549999,44.549999,289260,44.549999,289260,-4.193550537634409,0.8843973125238502,48.40000033333329,41.700001
166,166,2018-02-27,44.700001,44.834998999999996,41.549999,41.700001,41.700001,453593,41.700001,453593,-6.7114092458297705,1.386836860193704,46.90000033333329,41.849998
167,167,2018-02-28,41.700001,43.200001,41.549999,41.849998,41.849998,182307,41.849998,182307,0.3597050273452009,0.5573941120593431,44.24999999999995,40.650002
168,168,2018-03-01,42.150002,42.150002,39.900002,40.650002,40.650002,218693,40.650002,218693,-3.55871869235024,0.668642402917024,42.69999933333329,41.099998
169,169,2018-03-02,40.5,41.25,38.700001,41.099998,41.099998,159513,41.099998,159513,1.4814765432098749,0.48770264990879114,41.40000033333329,39.0
170,170,2018-03-05,39.900002,40.799999,38.700001,39.0,39.0,292407,39.0,292407,-2.2556439972108286,0.8940191003358967,41.19999933333328,38.25
171,171,2018-03-06,39.150002,39.75,37.799999,38.25,38.25,221060,38.25,221060,-2.298855565831135,0.6758793815478198,40.24999999999995,37.349998
172,172,2018-03-07,37.950001,38.25,37.200001,37.349998,37.349998,132507,37.349998,132507,-1.581035531461517,0.405133218179485,39.44999933333329,31.049999
173,173,2018-03-08,37.349998,37.799999,30.0,31.049999,31.049999,643133,31.049999,643133,-16.867468105353044,1.9663454912376457,38.19999933333329,34.349998
174,174,2018-03-09,31.65,35.25,31.5,34.349998,34.349998,439687,34.349998,439687,8.53079936808847,1.344319992918738,35.54999899999996,31.049999
175,175,2018-03-12,34.799999,35.099998,29.924999,31.049999,31.049999,720160,31.049999,720160,-10.775862378616734,2.2018515127814977,34.24999833333329,32.25
176,176,2018-03-13,31.5,33.299999,31.200001,32.25,32.25,198573,32.25,198573,2.380952380952381,0.6071265558314268,32.14999866666662,32.400002
177,177,2018-03-14,31.799999,33.75,30.299999,32.400002,32.400002,223887,32.400002,223887,1.8868019461258503,0.6845227861060197,32.54999899999995,32.849998
178,178,2018-03-15,33.450001,35.549999,32.400002,32.849998,32.849998,314040,32.849998,314040,-1.7937308880797969,0.9601608657435868,31.90000033333328,32.25
179,179,2018-03-16,32.700001,34.5,31.200001,32.25,32.25,235987,32.25,235987,-1.3761498050107104,0.7215179028920896,32.49999999999995,32.549999
180,180,2018-03-19,35.099998,35.099998,31.950001,32.549999,32.549999,268420,32.549999,268420,-7.2649548299119555,0.8206801031170984,32.49999999999994,31.049999
181,181,2018-03-20,32.25,32.400002,30.9,31.049999,31.049999,180860,31.049999,180860,-3.7209333333333343,0.5529699852833561,32.54999899999995,32.25
182,182,2018-03-21,31.65,33.525002,30.9,32.25,32.25,146360,32.25,146360,1.8957345971564028,0.44748804072803267,31.949999333333277,30.75
183,183,2018-03-22,31.65,32.700001,30.450001,30.75,30.75,143253,30.75,143253,-2.8436018957345928,0.43798855082271704,31.949999333333277,30.6
184,184,2018-03-23,30.9,31.35,30.15,30.6,30.6,105440,30.6,105440,-0.9708737864077579,0.32237728214241435,31.34999966666661,29.4
185,185,2018-03-26,30.6,31.950001,27.75,29.4,29.4,338120,29.4,338120,-3.9215686274509896,1.0337842055955344,31.199999999999946,29.85
186,186,2018-03-27,29.25,30.6,29.1,29.85,29.85,140660,29.85,140660,2.051282051282056,0.43006058901889227,30.249999999999943,28.200001
187,187,2018-03-28,28.5,28.5,27.450001,28.200001,28.200001,205373,28.200001,205373,-1.0526280701754374,0.6279171999756644,29.949999999999942,30.0
188,188,2018-03-29,28.5,30.0,27.9,30.0,30.0,175733,30.0,175733,5.263157894736842,0.5372944510881345,29.15000033333327,28.049999
189,189,2018-04-02,30.75,30.75,27.75,28.049999,28.049999,145660,28.049999,145660,-8.78049105691057,0.4453478273602435,29.35000033333327,27.0
190,190,2018-04-03,28.950001,28.950001,27.0,27.0,27.0,136967,27.0,136967,-6.735754516899672,0.41876943477997025,28.749999999999932,27.75
191,191,2018-04-04,27.0,27.75,25.799999,27.75,27.75,119527,27.75,119527,2.7777777777777777,0.36544754744533725,28.3499996666666,27.9
192,192,2018-04-05,27.6,28.049999,27.0,27.9,27.9,72160,27.9,72160,1.08695652173912,0.22062542374238067,27.5999996666666,26.549999
193,193,2018-04-06,27.450001,27.6,26.4,26.549999,26.549999,93607,26.549999,93607,-3.2786956911221994,0.28619850388377255,27.54999999999993,27.75
194,194,2018-04-09,27.0,28.125,26.700001,27.75,27.75,60333,27.75,60333,2.7777777777777777,0.18446499016974852,27.3999996666666,27.6
195,195,2018-04-10,28.200001,28.5,27.0,27.6,27.6,66887,27.6,66887,-2.127663045118328,0.2045035021875917,27.3999996666666,27.15
196,196,2018-04-11,27.450001,28.049999,27.0,27.15,27.15,60513,27.15,60513,-1.0928997780364442,0.18501533075003718,27.299999666666594,27.299999
197,197,2018-04-12,27.299999,27.9,27.15,27.299999,27.299999,50860,27.299999,50860,0.0,0.1555017884082245,27.49999999999993,28.950001
198,198,2018-04-13,27.9,29.700001,27.450001,28.950001,28.950001,138707,28.950001,138707,3.7634444444444513,0.4240893937227605,27.349999666666594,30.6
199,199,2018-04-16,29.549999,32.25,28.875,30.6,30.6,317053,30.6,317053,3.553302996727688,0.9693729555680851,27.799999999999926,29.700001
200,200,2018-04-17,31.5,31.635,28.5,29.700001,29.700001,176620,29.700001,176620,-5.7142825396825385,0.5400064071698902,28.94999999999992,30.9
201,201,2018-04-18,29.700001,32.25,29.700001,30.9,30.9,179047,30.9,179047,4.040400537360245,0.5474268326607821,29.75000066666659,30.0
202,202,2018-04-19,30.9,31.049999,28.934998999999998,30.0,30.0,64540,30.0,64540,-2.9126213592232966,0.19732767251016142,30.400000333333256,30.0
203,203,2018-04-20,29.549999,31.049999,29.549999,30.0,30.0,74107,30.0,74107,1.5228460752232185,0.22657827435250286,30.200000333333254,29.700001
204,204,2018-04-23,30.299999,30.525,28.950001,29.700001,29.700001,91487,29.700001,91487,-1.9801914844947663,0.27971671482703964,30.299999999999923,28.950001
205,205,2018-04-24,30.0,30.0,28.35,28.950001,28.950001,97487,28.950001,97487,-3.4999966666666653,0.2980614008366611,29.900000333333253,29.549999
206,206,2018-04-25,28.950001,29.700001,28.5,29.549999,29.549999,71807,29.549999,71807,2.07253188005071,0.21954614471548128,29.550000666666588,33.900002
207,207,2018-04-26,29.549999,34.200001,28.799999,33.900002,33.900002,706180,33.900002,706180,14.720822833191976,2.15910839437908,29.400000333333253,31.35
208,208,2018-04-27,33.599998,33.75,31.200001,31.35,31.35,503373,31.35,503373,-6.6964230176442205,1.5390366051201967,30.800000666666588,31.35
209,209,2018-04-30,31.950001,31.950001,31.200001,31.35,31.35,110027,31.35,110027,-1.8779373434135382,0.33640179459676994,31.600000333333256,31.5
210,210,2018-05-01,31.65,31.799999,31.200001,31.5,31.5,97767,31.5,97767,-0.47393364928909504,0.2989174861837768,32.20000066666659,31.5
211,211,2018-05-02,31.950001,31.950001,31.049999,31.5,31.5,129693,31.5,129693,-1.408453790032746,0.39652956044097254,31.39999999999993,34.5
212,212,2018-05-03,33.450001,34.5,31.049999,34.5,34.5,817013,34.5,817013,3.139010369536311,2.4979744917964752,31.449999999999932,36.599998
213,213,2018-05-04,35.25,37.950001,34.650002,36.599998,36.599998,612073,36.599998,612073,3.829781560283686,1.871381166661172,32.499999999999936,38.25
214,214,2018-05-07,39.0,39.375,36.75,38.25,38.25,446280,38.25,446280,-1.9230769230769231,1.3644777453956438,34.19999933333327,42.599998
215,215,2018-05-08,39.299999,43.5,38.849998,42.599998,42.599998,689867,42.599998,689867,8.396944234018937,2.109232250566587,36.44999933333327,40.049999
216,216,2018-05-09,43.5,43.650002,36.450001,40.049999,40.049999,522580,40.049999,522580,-7.931036781609197,1.5977610024846631,39.1499986666666,36.900002
217,217,2018-05-10,40.200001,40.5,36.0,36.900002,36.900002,378987,36.900002,378987,-8.208952532115608,1.1587329194547342,40.29999899999993,36.599998
218,218,2018-05-11,36.0,37.349998,36.0,36.599998,36.599998,181347,36.599998,181347,1.6666611111111094,0.5544589622978037,39.8499996666666,37.650002
219,219,2018-05-14,36.599998,38.849998,36.599998,37.650002,37.650002,216027,37.650002,216027,2.8688635447466453,0.6604912474334156,37.8499996666666,38.25
220,220,2018-05-15,37.650002,39.224998,36.299999,38.25,38.25,348273,38.25,348273,1.5936201012685187,1.0648264717714822,37.0500006666666,39.299999
221,221,2018-05-16,38.400002,39.450001,37.889998999999996,39.299999,39.299999,123153,39.299999,123153,2.343742065430098,0.37653385269048517,37.499999999999936,41.549999
222,222,2018-05-17,40.200001,43.5,39.165001000000004,41.549999,41.549999,599133,41.549999,599133,3.3582038965620904,1.831817793833755,38.40000033333326,42.150002
223,223,2018-05-18,42.299999,43.200001,41.400002,42.150002,42.150002,315560,42.150002,315560,-0.3546028452624764,0.9648081861993576,39.69999933333326,45.0
224,224,2018-05-21,42.75,45.599998,42.599998,45.0,45.0,488833,45.0,488833,5.263157894736842,1.4945813160235473,40.99999999999992,47.849998
225,225,2018-05-22,45.900002,48.450001,45.599998,47.849998,47.849998,603467,47.849998,603467,4.248357113361343,1.8450687720280383,42.90000033333325,44.549999
226,226,2018-05-23,48.75,48.900002,43.049999,44.549999,44.549999,460647,44.549999,460647,-8.615386666666668,1.4084040960456823,44.99999999999992,46.200001
227,227,2018-05-24,45.299999,48.599998,42.75,46.200001,46.200001,559253,46.200001,559253,1.98675942575628,1.7098867808231377,45.79999899999993,45.75
228,228,2018-05-25,46.950001,47.849998,45.450001,45.75,45.75,274533,45.75,274533,-2.5559126186174104,0.8393702807132344,46.19999933333327,44.099998
229,229,2018-05-29,45.150002,45.450001,43.049999,44.099998,44.099998,301080,44.099998,301080,-2.3255901516903617,0.9205363439628046,45.499999999999936,45.450001
230,230,2018-05-30,45.150002,45.599998,43.724998,45.450001,45.450001,198107,45.450001,198107,0.6644495829701175,0.6057017852180129,45.3499996666666,46.049999
231,231,2018-05-31,45.450001,46.5,45.075001,46.049999,46.049999,213847,46.049999,213847,1.3201275837155633,0.6538260115165865,45.0999996666666,47.849998
232,232,2018-06-01,46.5,48.0,46.200001,47.849998,47.849998,327300,47.849998,327300,2.903221505376343,1.0007026218248503,45.19999933333327,50.700001
233,233,2018-06-04,48.75,51.450001,48.450001,50.700001,50.700001,479333,50.700001,479333,4.000002051282052,1.46553556317498,46.44999933333327,50.700001
234,234,2018-06-05,51.0,51.900002,46.950001,50.700001,50.700001,416327,50.700001,416327,-0.5882333333333327,1.2728980153879452,48.19999933333327,48.75
235,235,2018-06-06,50.099998,50.235001000000004,48.0,48.75,48.75,332407,48.75,332407,-2.6946068939962817,1.0163170070667065,49.74999999999992,47.849998
236,236,2018-06-07,48.299999,48.825001,43.650002,47.849998,47.849998,374060,47.849998,374060,-0.9316791083163384,1.143668874793167,50.05000066666659,48.0
237,237,2018-06-08,47.099998,48.450001,45.299999,48.0,48.0,141353,48.0,141353,1.9108323529015876,0.43217940025300355,49.0999996666666,48.0
238,238,2018-06-11,47.700001,48.525002,47.310001,48.0,48.0,125553,48.0,125553,0.6289287079889153,0.3838717270943337,48.19999933333327,45.900002
239,239,2018-06-12,47.700001,48.150002,45.75,45.900002,45.900002,158860,45.900002,158860,-3.7735827301135694,0.4857061365814107,47.94999933333327,45.75
240,240,2018-06-13,45.900002,46.875,45.0,45.75,45.75,165107,45.75,165107,-0.3268017286796646,0.5048060121650949,47.3000006666666,46.5
241,241,2018-06-14,45.150002,46.650002,43.799999,46.5,46.5,335073,46.5,335073,2.990028660463845,1.024468162550315,46.5500006666666,45.450001
242,242,2018-06-15,45.900002,45.900002,44.400002,45.450001,45.450001,191067,45.450001,191067,-0.9803942927932777,0.5841773536333904,46.0500006666666,48.150002
243,243,2018-06-18,45.0,48.150002,44.700001,48.150002,48.150002,262367,48.150002,262367,7.000004444444446,0.8021733723810587,45.90000033333326,49.200001
244,244,2018-06-19,47.849998,49.200001,45.75,49.200001,49.200001,262093,49.200001,262093,2.8213230019361775,0.8013356317199526,46.70000099999993,50.700001
245,245,2018-06-20,49.5,51.0,48.900002,50.700001,50.700001,221660,50.700001,221660,2.424244444444445,0.6777138501487819,47.60000133333326,49.5
246,246,2018-06-21,50.700001,50.924999,48.0,49.5,49.5,187473,49.5,187473,-2.366865831028288,0.5731888867136271,49.35000133333326,49.950001
247,247,2018-06-22,49.349998,49.950001,48.375,49.950001,49.950001,111720,49.950001,111720,1.2158115994249907,0.3415780534991515,49.80000066666659,48.900002
248,248,2018-06-25,48.599998,51.959998999999996,47.700001,48.900002,48.900002,213773,48.900002,213773,0.6172922064729329,0.6535997603891345,50.0500006666666,47.700001
249,249,2018-06-26,48.450001,49.200001,47.400002,47.700001,47.700001,171353,47.700001,171353,-1.547987584148863,0.5239028303011108,49.45000099999993,48.75
250,250,2018-06-27,47.700001,49.650002,46.5,48.75,48.75,139880,48.75,139880,2.201255719051242,0.4276757798376415,48.85000133333326,48.299999
251,251,2018-06-28,48.75,48.75,46.799999,48.299999,48.299999,98020,48.299999,98020,-0.923078974358975,0.29969102044384915,48.45000099999993,50.25
252,252,2018-06-29,48.450001,51.150002,48.299999,50.25,50.25,251227,50.25,251227,3.7151681379738255,0.7681134053565282,48.249999999999936,49.650002
253,253,2018-07-02,49.5,49.799999,48.900002,49.650002,49.650002,78087,49.650002,78087,0.3030343434343447,0.2387469160722184,49.0999996666666,49.200001
254,254,2018-07-03,49.5,50.099998,48.900002,49.200001,49.200001,38440,49.200001,38440,-0.6060585858585852,0.11752828836830811,49.40000033333326,52.950001
255,255,2018-07-05,49.049999,53.849998,48.75,52.950001,52.950001,333147,52.950001,333147,7.9510745759648245,1.0185795183412263,49.70000099999993,50.25
256,256,2018-07-06,53.25,54.299999,49.799999,50.25,50.25,211727,50.25,211727,-5.633802816901409,0.6473442224598536,50.60000133333326,51.599998
257,257,2018-07-09,50.700001,52.200001,50.25,51.599998,51.599998,155613,51.599998,155613,1.7751419768216554,0.4757786040025372,50.80000066666659,57.150002
258,258,2018-07-10,51.599998,58.349998,51.150002,57.150002,57.150002,409493,57.150002,409493,10.755822122318689,1.2520034180229862,51.5999996666666,55.049999
259,259,2018-07-11,55.5,56.700001,53.25,55.049999,55.049999,303787,55.049999,303787,-0.8108126126126133,0.9288128548008121,52.99999999999992,58.799999
260,260,2018-07-12,55.799999,60.450001,55.200001,58.799999,58.799999,572473,58.799999,572473,5.37634418237176,1.7503062389976705,54.5999996666666,58.349998
261,261,2018-07-13,60.0,62.25,58.200001,58.349998,58.349998,418947,58.349998,418947,-2.7500033333333342,1.280908528278813,56.999999999999936,56.099998
262,262,2018-07-16,57.900002,58.349998,53.25,56.099998,56.099998,286253,56.099998,286253,-3.1088150912326413,0.8752035673853616,57.3999986666666,53.700001
263,263,2018-07-17,54.75,55.950001,52.799999,53.700001,53.700001,202927,53.700001,202927,-1.9178063926940634,0.6204386829790755,57.74999833333326,53.25
264,264,2018-07-18,53.849998,54.75,52.650002,53.25,53.25,137940,53.25,137940,-1.1142024554949832,0.4217443313611972,56.04999899999992,51.0
265,265,2018-07-19,53.25,53.400002,50.400002,51.0,51.0,166813,51.0,166813,-4.225352112676056,0.510022017887164,54.349999666666584,46.650002
266,266,2018-07-20,50.700001,51.0,45.450001,46.650002,46.650002,354320,46.650002,354320,-7.988163550529317,1.0833148578215122,52.65000033333325,47.700001
267,267,2018-07-23,46.799999,47.700001,42.299999,47.700001,47.700001,418813,47.700001,418813,1.9230812376726774,1.280498830291265,50.300000666666584,44.099998
268,268,2018-07-24,47.849998,47.849998,43.650002,44.099998,44.099998,356793,44.099998,356793,-7.836990923176214,1.0908759259051446,48.45000099999991,46.5
269,269,2018-07-25,44.099998,47.549999,44.099998,46.5,46.5,243693,46.5,243693,5.442181652706653,0.7450785946237801,46.150000333333246,46.200001
270,270,2018-07-26,46.049999,46.5,45.599998,46.200001,46.200001,117827,46.200001,117827,0.3257372492016789,0.36024988640927785,46.09999966666658,41.400002
271,271,2018-07-27,46.200001,46.5,41.25,41.400002,41.400002,427400,41.400002,427400,-10.389608000224934,1.3067531334187015,45.59999966666658,36.900002
272,272,2018-07-30,42.0,42.0,36.75,36.900002,36.900002,338727,36.900002,338727,-12.142852380952379,1.0356400763301743,44.70000099999991,35.549999
273,273,2018-07-31,36.599998,40.275002,35.400002,35.549999,35.549999,388313,35.549999,388313,-2.868849883543709,1.1872466764090226,41.50000166666658,36.299999
274,274,2018-08-01,35.549999,37.424999,34.5,36.299999,36.299999,374700,36.299999,374700,2.109704700694928,1.1456256413008599,37.95000099999991,27.450001
275,275,2018-08-02,30.0,30.299999,27.299999,27.450001,27.450001,929613,27.450001,929613,-8.499996666666666,2.8422430992437047,36.24999999999991,32.400002
276,276,2018-08-03,27.9,33.150002,27.75,32.400002,32.400002,572547,32.400002,572547,16.129039426523306,1.7505324901251225,33.09999966666657,30.9
277,277,2018-08-06,32.849998,32.849998,28.950001,30.9,30.9,337200,30.9,337200,-5.936067332485076,1.0309713537407257,32.05000066666657,32.099998
278,278,2018-08-07,30.15,33.450001,28.950001,32.099998,32.099998,323760,32.099998,323760,6.46765505804312,0.9898792570791737,30.250000999999898,34.200001
279,279,2018-08-08,31.799999,34.5,30.75,34.200001,34.200001,422780,34.200001,422780,7.547176337961522,1.292627725191293,31.799999999999898,33.599998
280,280,2018-08-09,33.75,34.5,33.299999,33.599998,33.599998,137600,33.599998,137600,-0.44445037037037227,0.42070479915398534,32.39999966666656,32.400002
281,281,2018-08-10,33.299999,35.400002,31.799999,32.400002,32.400002,231840,32.400002,231840,-2.7026937748556663,0.7088386674117729,33.29999899999989,31.950001
282,282,2018-08-13,32.849998,33.299999,31.35,31.950001,31.950001,163073,31.950001,163073,-2.739717061778814,0.49858716360783323,33.400000333333224,31.200001
283,283,2018-08-14,31.950001,32.400002,30.825001,31.200001,31.200001,118193,31.200001,118193,-2.347417766903982,0.36136891225586476,32.65000033333323,30.450001
284,284,2018-08-15,31.200001,31.200001,30.15,30.450001,30.450001,123787,30.450001,123787,-2.4038460767998053,0.37847227451216847,31.85000133333323,31.65
285,285,2018-08-16,31.200001,32.25,30.75,31.65,31.65,122073,31.65,122073,1.4423044409517751,0.37323180920875326,31.200000999999897,32.849998
286,286,2018-08-17,31.799999,33.0,31.514999,32.849998,32.849998,142993,32.849998,142993,3.301883751631564,0.43719361442896676,31.10000066666656,33.299999
287,287,2018-08-20,32.700001,34.049999,32.174999,33.299999,33.299999,124707,33.299999,124707,1.834856213001337,0.3812851263669771,31.64999966666656,34.049999
288,288,2018-08-21,33.150002,34.799999,32.700001,34.049999,34.049999,129640,34.049999,129640,2.71492291312682,0.3963675157145542,32.59999899999989,34.349998
289,289,2018-08-22,34.049999,34.650002,33.314999,34.349998,34.349998,129273,34.349998,129273,0.8810543577402151,0.395245432420299,33.399998666666555,34.5
290,290,2018-08-23,34.200001,34.799999,32.849998,34.5,34.5,132733,34.5,132733,0.8771900328306999,0.40582420135251407,33.899998666666555,33.450001
291,291,2018-08-24,34.349998,34.349998,33.299999,33.450001,33.450001,99800,33.450001,99800,-2.6200787551719773,0.3051332772933702,34.299998999999886,32.099998
292,292,2018-08-27,33.599998,33.735001000000004,31.049999,32.099998,32.099998,242420,32.099998,242420,-4.4642859800170225,0.7411864637420721,34.099999666666555,31.950001
293,293,2018-08-28,31.950001,32.700001,31.485001,31.950001,31.950001,87107,31.950001,87107,0.0,0.266325094040016,33.34999966666655,31.5
294,294,2018-08-29,31.65,32.25,31.049999,31.5,31.5,84467,31.5,84467,-0.47393364928909504,0.25825343219578256,32.499999999999886,30.15
295,295,2018-08-30,31.65,31.799999,30.0,30.15,30.15,104807,30.15,104807,-4.739336492890995,0.32044191776839925,31.84999966666655,30.299999
296,296,2018-08-31,30.15,30.75,30.0,30.299999,30.299999,93660,30.299999,93660,0.4975091210613635,0.2863605486101909,31.200000333333218,29.549999
297,297,2018-09-04,30.299999,30.450001,28.65,29.549999,29.549999,181540,29.549999,181540,-2.4752476064438156,0.5550490496977798,30.64999966666655,27.75
298,298,2018-09-05,29.4,29.49,27.75,27.75,27.75,180433,27.75,180433,-5.612244897959179,0.5516644551290046,29.999999333333218,27.0
299,299,2018-09-06,27.75,27.9,26.85,27.0,27.0,95173,27.0,95173,-2.7027027027027026,0.29098646693228375,29.19999933333322,27.299999
300,300,2018-09-07,26.85,29.4,25.5,27.299999,27.299999,210820,27.299999,210820,1.6759739292364926,0.6445711174247325,28.09999966666655,28.65
301,301,2018-09-10,27.9,29.25,27.450001,28.65,28.65,171093,28.65,171093,2.6881720430107525,0.5231078939073606,27.34999966666655,27.6
302,302,2018-09-11,28.5,28.799999,27.450001,27.6,27.6,102967,27.6,102967,-3.1578947368421004,0.314816214058782,27.64999966666655,27.450001
303,303,2018-09-12,27.6,28.200001,27.299999,27.450001,27.450001,54353,27.450001,54353,-0.5434746376811633,0.16618145311349247,27.849999666666548,28.049999
304,304,2018-09-13,27.450001,28.799999,27.450001,28.049999,28.049999,108153,28.049999,108153,2.1857849841244064,0.3306721376664315,27.900000333333214,27.450001
305,305,2018-09-14,27.9,28.200001,26.700001,27.450001,27.450001,177953,27.450001,177953,-1.612899641577055,0.5440819849116945,27.699999999999886,26.700001
306,306,2018-09-17,27.75,27.9,26.25,26.700001,26.700001,135140,26.700001,135140,-3.783780180180179,0.41318347789004056,27.650000333333214,26.25
307,307,2018-09-18,26.549999,27.0,25.950001,26.25,26.25,105527,26.25,105527,-1.129939778905452,0.32264328008955384,27.400000333333214,25.200001
308,308,2018-09-19,26.1,26.25,24.9,25.200001,25.200001,199600,25.200001,199600,-3.448272030651345,0.6102665545867404,26.80000066666655,28.049999
309,309,2018-09-20,25.200001,28.875,24.6,28.049999,28.049999,381960,28.049999,381960,11.309515424225577,1.1678227113725017,26.05000066666655,26.85
310,310,2018-09-21,28.35,28.65,26.4,26.85,26.85,188693,26.85,188693,-5.291005291005291,0.5769189728689168,26.499999999999883,25.049999
311,311,2018-09-24,26.85,27.299999,24.75,25.049999,25.049999,320580,25.049999,320580,-6.703914338919932,0.9801565734940743,26.699999999999886,27.299999
312,312,2018-09-25,25.35,28.275,25.049999,27.299999,27.299999,533820,27.299999,533820,7.69230374753451,1.6321267142760207,26.649999333333216,26.549999
313,313,2018-09-26,27.0,27.15,25.799999,26.549999,26.549999,161760,26.549999,161760,-1.6666703703703716,0.4945727348193944,26.399999333333216,25.5
314,314,2018-09-27,26.700001,26.85,25.5,25.5,25.5,133667,25.5,133667,-4.494385599461214,0.4086798574746785,26.299998999999882,25.799999
315,315,2018-09-28,25.5,26.1,25.200001,25.799999,25.799999,97087,25.799999,97087,1.1764666666666654,0.296838421769353,26.449999333333214,24.0
316,316,2018-10-01,25.799999,25.950001,23.85,24.0,24.0,248700,24.0,248700,-6.9767405804938205,0.7603872350988092,25.949999333333214,22.049999
317,317,2018-10-02,24.450001,24.6,21.6,22.049999,22.049999,391887,22.049999,391887,-9.815958698733798,1.1981739943754204,25.099999666666548,20.85
318,318,2018-10-03,22.049999,22.5,20.700001,20.85,20.85,330040,20.85,330040,-5.442172582411447,1.0090800284359107,23.949999333333214,22.799999
319,319,2018-10-04,21.0,23.25,20.549999,22.799999,22.799999,384780,22.799999,384780,8.571423809523807,1.1764447137970238,22.29999966666655,22.799999
320,320,2018-10-05,22.65,23.4,21.75,22.799999,22.799999,224607,22.799999,224607,0.6622472406181065,0.6867241484271743,21.899999333333216,22.049999
321,321,2018-10-08,22.799999,23.1,21.9,22.049999,22.049999,114420,22.049999,114420,-3.2894738284856944,0.3498331622034811,22.149999333333216,20.700001
322,322,2018-10-09,21.9,22.35,20.700001,20.700001,20.700001,175727,20.700001,175727,-5.4794474885844675,0.5372761064021249,22.549998999999882,20.1
323,323,2018-10-10,21.0,21.450001,19.65,20.1,20.1,260253,20.1,260253,-4.2857142857142785,0.7957099280103354,21.849999666666548,19.5
324,324,2018-10-11,19.65,21.299999,19.35,19.5,19.5,297673,19.5,297673,-0.763358778625947,0.9101196197570078,20.94999999999988,20.1
325,325,2018-10-12,19.950001,21.0,19.799999,20.1,20.1,193120,20.1,193120,0.7518746490288452,0.5904542936963492,20.100000333333213,20.25
326,326,2018-10-15,20.25,20.700001,19.799999,20.25,20.25,76100,20.25,76100,0.0,0.23267176755536545,19.899999999999878,20.25
327,327,2018-10-16,20.700001,21.299999,19.950001,20.25,20.25,272180,20.25,272180,-2.173917769375955,0.8321761063497946,19.94999999999988,19.65
328,328,2018-10-17,20.25,20.4,19.35,19.65,19.65,269153,19.65,269153,-2.96296296296297,0.8229212122579405,20.199999999999875,19.049999
329,329,2018-10-18,19.799999,20.1,18.9,19.049999,19.049999,132320,19.049999,132320,-3.7878789791858067,0.40456147546551846,20.049999999999876,18.450001
330,330,2018-10-19,19.049999,19.950001,18.299999,18.450001,18.450001,219327,18.450001,219327,-3.149595965858053,0.6705808247387074,19.64999966666654,16.65
331,331,2018-10-22,18.6,18.75,16.35,16.65,16.65,361880,16.65,361880,-10.48387096774195,1.1064291621936353,19.049999999999873,17.700001
332,332,2018-10-23,16.799999,18.299999,15.3,17.700001,17.700001,275033,17.700001,275033,5.357155080783045,0.8408990045473695,18.049999999999873,16.65
333,333,2018-10-24,17.4,17.85,16.5,16.65,16.65,90140,16.65,90140,-4.310344827586207,0.27559833281787965,17.600000666666542,17.4
334,334,2018-10-25,17.1,17.700001,16.799999,17.4,17.4,51247,17.4,51247,1.754385964912264,0.1566850206558451,17.000000333333205,17.1
335,335,2018-10-26,16.950001,17.85,15.6,17.1,17.1,193247,17.1,193247,0.8849498002979534,0.5908425895502195,17.2500003333332,19.049999
336,336,2018-10-29,19.35,21.75,18.299999,19.049999,19.049999,708473,19.049999,708473,-1.55039276485789,2.1661191218824234,17.04999999999987,19.950001
337,337,2018-10-30,19.5,20.85,18.75,19.950001,19.950001,458147,19.950001,458147,2.3076974358974374,1.4007604768750066,17.849999666666537,21.299999
338,338,2018-10-31,20.25,21.75,19.799999,21.299999,21.299999,318727,21.299999,318727,5.185180246913578,0.9744911229647695,18.699999999999868,20.85
339,339,2018-11-01,21.299999,21.6,20.1,20.85,20.85,140220,20.85,140220,-2.112671460688793,0.42871531204485336,20.099999666666537,21.15
340,340,2018-11-02,20.25,21.450001,20.25,21.15,21.15,132627,21.15,132627,4.4444444444444375,0.40550011189967744,20.69999999999987,22.5
341,341,2018-11-05,20.25,22.65,20.25,22.5,22.5,299080,22.5,299080,11.11111111111111,0.9144214486262641,21.099999666666534,19.950001
342,342,2018-11-06,22.200001,22.440001000000002,19.65,19.950001,19.950001,192267,19.950001,192267,-10.135134678597536,0.5878462908353147,21.49999999999987,18.450001
343,343,2018-11-07,20.700001,20.700001,17.25,18.450001,18.450001,232973,18.450001,232973,-10.869564692291561,0.7123027556199232,21.2000003333332,18.6
344,344,2018-11-08,18.9,19.200001,18.450001,18.6,18.6,45293,18.6,45293,-1.5873015873015723,0.13848097723896408,20.300000666666538,18.450001
345,345,2018-11-09,18.6,18.6,18.0,18.450001,18.450001,81253,18.450001,81253,-0.8064462365591456,0.24842679538996199,19.000000666666537,18.75
346,346,2018-11-12,18.6,18.9,17.1,18.75,18.75,146347,18.75,146347,0.8064516129032182,0.4474482939083451,18.500000666666537,18.299999
347,347,2018-11-13,18.9,18.9,17.4,18.299999,18.299999,190913,18.299999,190913,-3.17460846560846,0.5837065066924768,18.600000333333202,17.549999
348,348,2018-11-14,17.549999,18.75,16.35,17.549999,17.549999,172380,17.549999,172380,0.0,0.5270428290564244,18.49999999999987,17.85
349,349,2018-11-15,16.799999,18.0,16.65,17.85,17.85,117820,17.85,117820,6.250006324405148,0.36022848427559995,18.199999333333206,17.549999
350,350,2018-11-16,17.549999,17.700001,16.5,17.549999,17.549999,145553,17.549999,145553,0.0,0.4450206804597386,17.89999933333321,17.1
351,351,2018-11-19,17.1,17.549999,16.5,17.1,17.1,187133,17.1,187133,0.0,0.5721493545064152,17.64999933333321,16.200001
352,352,2018-11-20,16.35,17.1,16.049999,16.200001,16.200001,130447,16.200001,130447,-0.9174250764526061,0.3988348759828483,17.49999966666654,15.9
353,353,2018-11-21,16.5,16.65,15.6,15.9,15.9,123560,15.9,123560,-3.636363636363634,0.37777823389147114,16.94999999999987,16.35
354,354,2018-11-23,15.6,16.65,15.6,16.35,16.35,38853,16.35,38853,4.807692307692319,0.11879101425530372,16.400000333333207,16.5
355,355,2018-11-26,16.200001,16.65,15.45,16.5,16.5,152667,16.5,152667,1.8518455647008891,0.46677136317181306,16.150000333333203,16.049999
356,356,2018-11-27,16.049999,16.5,16.049999,16.049999,16.049999,42887,16.049999,42887,0.0,0.13112475814910587,16.249999999999872,17.25
357,357,2018-11-28,16.049999,17.325001,15.9,17.25,17.25,187173,17.25,187173,7.476642210382694,0.572271652413146,16.29999966666654,17.85
358,358,2018-11-29,17.1,18.0,17.1,17.85,17.85,120640,17.85,120640,4.385964912280701,0.36885048670012205,16.599999666666537,17.549999
359,359,2018-11-30,17.85,17.85,16.799999,17.549999,17.549999,154340,17.549999,154340,-1.680677871148469,0.4718864731208292,17.049999666666537,17.25
360,360,2018-12-03,18.0,18.15,16.799999,17.25,17.25,97167,17.25,97167,-4.166666666666666,0.29708301758281463,17.549999666666537,16.799999
361,361,2018-12-04,16.950001,18.15,16.65,16.799999,16.799999,221653,16.799999,221653,-0.8849674994119507,0.677692448015104,17.549999666666537,16.5
362,362,2018-12-06,16.65,16.950001,16.049999,16.5,16.5,197427,16.5,197427,-0.9009009009008924,0.6036227208035891,17.199999333333203,15.9
363,363,2018-12-07,16.65,16.799999,15.9,15.9,15.9,177473,15.9,177473,-4.504504504504494,0.5426144100309247,16.849999666666534,15.6
364,364,2018-12-10,15.9,16.049999,15.45,15.6,15.6,106953,15.6,106953,-1.8867924528301931,0.3270032004645072,16.399999666666535,16.200001
365,365,2018-12-11,15.75,16.5,15.45,16.200001,16.200001,161320,16.200001,161320,2.8571492063492085,0.4932274578453555,15.999999999999867,15.45
366,366,2018-12-12,16.200001,16.35,15.45,15.45,15.45,163567,15.45,163567,-4.629635516689172,0.5000975427559587,15.900000333333201,15.6
367,367,2018-12-13,15.45,16.049999,15.45,15.6,15.6,274693,15.6,274693,0.9708737864077693,0.8398594723401577,15.750000333333203,15.75
368,368,2018-12-14,15.6,15.9,15.45,15.75,15.75,173200,15.75,173200,0.9615384615384639,0.5295499361444059,15.750000333333203,15.15
369,369,2018-12-17,15.75,15.825,15.0,15.15,15.15,137853,15.15,137853,-3.809523809523807,0.4214783334140577,15.599999999999868,13.455
370,370,2018-12-18,15.0,15.3,13.26,13.455,13.455,266000,13.455,266000,-10.299999999999999,0.8132810797598844,15.499999999999867,11.7
371,371,2018-12-19,13.425,13.5,11.55,11.7,11.7,551227,11.7,551227,-12.849162011173194,1.6853477058376007,14.784999999999867,11.55
372,372,2018-12-20,12.0,12.3,11.55,11.55,11.55,242853,11.55,242853,-3.7499999999999942,0.7425103385824331,13.434999999999865,9.885
373,373,2018-12-21,11.7,12.075,9.75,9.885,9.885,384127,9.885,384127,-15.512820512820511,1.1744482004696433,12.234999999999864,10.35
374,374,2018-12-24,10.95,11.1,10.2,10.35,10.35,158367,10.35,158367,-5.479452054794518,0.48419881488095345,11.044999999999865,11.775
375,375,2018-12-26,10.785,11.88,10.245,11.775,11.775,209660,11.775,209660,9.17941585535466,0.641024478129539,10.594999999999866,13.8
376,376,2018-12-27,11.7,14.67,11.7,13.8,13.8,373840,13.8,373840,17.948717948717963,1.1429962363061474,10.669999999999865,16.799999
377,377,2018-12-28,14.25,16.950001,13.815,16.799999,16.799999,443247,16.799999,443247,17.894729824561402,1.35520450661778,11.974999999999865,15.3
378,378,2018-12-31,17.1,17.549999,15.15,15.3,15.3,339660,15.3,339660,-10.526315789473689,1.0384926750046706,14.12499966666653,16.200001
379,379,2019-01-02,15.45,16.5,14.355,16.200001,16.200001,141427,16.200001,141427,4.854375404530751,0.43240565138045556,15.29999966666653,15.3
380,380,2019-01-03,15.9,15.93,15.0,15.3,15.3,79000,15.3,79000,-3.773584905660375,0.24153836579334914,16.099999999999863,14.85
381,381,2019-01-04,15.15,15.75,14.805,14.85,14.85,137513,14.85,137513,-1.9801980198019846,0.42043880120684585,15.600000333333194,14.175
382,382,2019-01-07,14.7,15.0,13.05,14.175,14.175,225367,14.175,225367,-3.5714285714285623,0.6890478086550597,15.450000333333193,14.265
383,383,2019-01-08,14.1,14.55,13.35,14.265,14.265,226287,14.265,226287,1.1702127659574533,0.6918606605098683,14.774999999999858,15.45
384,384,2019-01-09,14.49,16.049999,14.175,15.45,15.45,280160,15.45,280160,6.625258799171836,0.856574538742591,14.42999999999986,15.75
385,385,2019-01-10,15.45,16.35,15.0,15.75,15.75,217140,15.75,217140,1.9417475728155387,0.6638941866882004,14.62999999999986,16.049999
386,386,2019-01-11,15.9,16.200001,15.15,16.049999,16.049999,176127,16.049999,176127,0.943389937106914,0.5384990854694329,15.154999999999859,15.6
387,387,2019-01-14,15.9,16.049999,15.15,15.6,15.6,145820,15.6,145820,-1.8867924528301931,0.4458370189871667,15.749999666666525,22.65
388,388,2019-01-15,16.950001,22.65,16.799999,22.65,22.65,1176827,22.65,1176827,33.628310700394636,3.5980869671074642,15.799999666666528,21.450001
389,389,2019-01-16,21.6,23.25,19.950001,21.450001,21.450001,535567,21.450001,535567,-0.6944398148148199,1.6374680753524888,18.09999966666653,19.200001
390,390,2019-01-17,21.450001,21.450001,18.0,19.200001,19.200001,413540,19.200001,413540,-10.489510000489044,1.264376908736476,19.900000333333196,21.0
391,391,2019-01-18,19.049999,21.75,18.9,21.0,21.0,331787,21.0,331787,10.23622625911949,1.0144213895123788,21.100000666666528,20.700001
392,392,2019-01-22,21.0,21.0,19.65,20.700001,20.700001,208987,20.700001,208987,-1.4285666666666652,0.6389668158487931,20.550000666666527,20.1
393,393,2019-01-23,21.0,21.299999,19.35,20.1,20.1,238220,20.1,238220,-4.2857142857142785,0.7283451835353371,20.30000066666653,20.4
394,394,2019-01-24,20.4,20.549999,19.65,20.4,20.4,83367,20.4,83367,0.0,0.2548902397606853,20.6000003333332,21.299999
395,395,2019-01-25,20.700001,22.5,19.950001,21.299999,21.299999,380587,21.299999,380587,2.8985409227757977,1.1636248357239667,20.400000333333196,21.6
396,396,2019-01-28,21.15,22.200001,19.799999,21.6,21.6,287473,21.6,287473,2.1276595744680984,0.8789336535406513,20.59999966666653,22.5
397,397,2019-01-29,21.75,22.950001,20.85,22.5,22.5,407620,22.5,407620,3.4482758620689653,1.2462768185403161,21.099999666666527,21.299999
398,398,2019-01-30,22.65,23.025,20.4,21.299999,21.299999,386353,21.299999,386353,-5.960269315673285,1.181254078979213,21.799999666666526,21.0
399,399,2019-01-31,23.549999,23.85,20.1,21.0,21.0,562680,21.0,562680,-10.828021691211111,1.7203646539822999,21.799999666666526,20.549999
400,400,2019-02-01,20.85,21.299999,20.25,20.549999,20.549999,178100,20.549999,178100,-1.438853717026387,0.5445314297189301,21.59999966666653,20.700001
401,401,2019-02-04,20.700001,21.299999,20.25,20.700001,20.700001,280067,20.700001,280067,0.0,0.8562901961094419,20.949999333333196,21.0
402,402,2019-02-05,20.85,21.15,20.25,21.0,21.0,126527,21.0,126527,0.7194244604316478,0.38684968112322893,20.74999999999986,21.0
403,403,2019-02-06,20.85,22.049999,20.4,21.0,21.0,259913,21.0,259913,0.7194244604316478,0.7946703958031235,20.74999999999986,20.4
404,404,2019-02-07,20.85,21.299999,20.4,20.4,20.4,156280,20.4,156280,-2.1582733812949777,0.4778179215972735,20.900000333333196,21.299999
405,405,2019-02-08,20.4,21.6,20.4,21.299999,21.299999,133560,21.299999,133560,4.411759803921575,0.40835271057417355,20.799999999999866,22.799999
406,406,2019-02-11,21.450001,22.799999,20.700001,22.799999,22.799999,321180,22.799999,321180,6.293696676284534,0.9819910420950364,20.89999966666653,23.85
407,407,2019-02-12,22.799999,24.299999,22.200001,23.85,23.85,281227,23.85,281227,4.605267745845084,0.8598368354046354,21.499999333333196,23.700001
408,408,2019-02-13,24.0,24.450001,23.549999,23.700001,23.700001,175647,23.700001,175647,-1.2499958333333319,0.5370315105886633,22.6499993333332,22.799999
409,409,2019-02-14,23.549999,24.0,22.65,22.799999,22.799999,97167,22.799999,97167,-3.184713511028175,0.29708301758281463,23.449999999999864,22.35
410,410,2019-02-15,22.799999,23.1,22.200001,22.35,22.35,119747,22.35,119747,-1.9736799111263044,0.3661201859323567,23.449999999999864,23.1
411,411,2019-02-19,22.35,24.0,21.9,23.1,23.1,250967,23.1,250967,3.3557046979865772,0.7673184689627779,22.949999999999864,22.799999
412,412,2019-02-20,23.1,24.6,22.200001,22.799999,22.799999,328153,22.799999,328153,-1.2987056277056352,1.0033106246858847,22.74999966666653,22.35
413,413,2019-02-21,22.950001,23.1,21.6,22.35,22.35,210533,22.35,210533,-2.614383328349305,0.6436936299439389,22.74999966666653,21.9
414,414,2019-02-22,22.65,22.799999,21.75,21.9,21.9,160827,21.9,160827,-3.3112582781456954,0.49172013614489823,22.749999666666536,20.700001
415,415,2019-02-25,21.75,21.99,20.4,20.700001,20.700001,182180,20.700001,182180,-4.8275816091954,0.5570058162054727,22.349999666666537,19.35
416,416,2019-02-26,20.549999,20.700001,18.6,19.35,19.35,184340,19.35,184340,-5.83941147637038,0.5636099031689364,21.650000333333207,15.9
417,417,2019-02-27,18.66,18.66,15.75,15.9,15.9,610160,15.9,610160,-14.790996784565916,1.865532269271771,20.650000333333203,16.049999
418,418,2019-02-28,16.17,16.5,15.15,16.049999,16.049999,240887,16.049999,240887,-0.7421212121212246,0.7364993964666139,18.650000333333203,16.200001
419,419,2019-03-01,16.5,16.65,15.75,16.200001,16.200001,175333,16.200001,175333,-1.8181757575757556,0.5360714720208264,17.099999666666534,14.085
420,420,2019-03-04,16.5,16.5,13.95,14.085,14.085,445813,14.085,445813,-14.636363636363631,1.3630499173345616,16.049999999999866,15.15
421,421,2019-03-05,14.1,16.049999,13.95,15.15,15.15,470927,15.15,470927,7.446808510638303,1.4398346580755004,15.444999999999867,14.85
422,422,2019-03-06,15.45,15.9,14.7,14.85,14.85,348500,14.85,348500,-3.8834951456310653,1.0655205123921794,15.1450003333332,14.97
423,423,2019-03-07,15.3,15.45,14.655,14.97,14.97,296200,14.97,296200,-2.1568627450980395,0.9056159993416457,14.694999999999867,14.4
424,424,2019-03-08,14.7,15.0,13.95,14.4,14.4,291840,14.4,291840,-2.040816326530605,0.8922855275079875,14.989999999999867,15.15
425,425,2019-03-11,14.565,15.3,14.25,15.15,15.15,273793,15.15,273793,4.016477857878482,0.8371077694387145,14.739999999999867,14.775
426,426,2019-03-12,15.15,15.45,14.445,14.775,14.775,215673,14.775,215673,-2.4752475247524752,0.6594089109588479,14.839999999999867,15.3
427,427,2019-03-13,14.985,15.3,14.55,15.3,15.3,239907,15.3,239907,2.1021021021021107,0.733503097751709,14.774999999999865,14.835
428,428,2019-03-14,15.3,15.45,14.685,14.835,14.835,171480,14.835,171480,-3.0392156862745088,0.5242911261549812,15.074999999999868,15.6
429,429,2019-03-15,14.85,15.6,14.7,15.6,15.6,224547,15.6,224547,5.05050505050505,0.6865407015670781,14.96999999999987,15.45
430,430,2019-03-18,15.15,16.049999,15.15,15.45,15.45,212607,15.45,212607,1.9801980198019733,0.6500347764079314,15.24499999999987,15.75
431,431,2019-03-19,15.45,16.049999,15.45,15.75,15.75,119773,15.75,119773,1.9417475728155387,0.3661996795717317,15.294999999999868,15.45
432,432,2019-03-20,15.9,15.9,15.0,15.45,15.45,127847,15.45,127847,-2.8301886792452895,0.39088551204534566,15.599999999999868,15.3
433,433,2019-03-21,15.3,15.6,14.925,15.3,15.3,102487,15.3,102487,0.0,0.3133486391780123,15.549999999999867,14.265
434,434,2019-03-22,15.15,15.3,14.145,14.265,14.265,194147,14.265,194147,-5.84158415841584,0.5935942924516627,15.499999999999867,13.44
435,435,2019-03-25,14.43,14.475,13.44,13.44,13.44,255433,13.44,255433,-6.860706860706863,0.7809730302492728,15.004999999999868,14.535
436,436,2019-03-26,13.65,15.0,13.65,14.535,14.535,315107,14.535,315107,6.483516483516481,0.9634231624056312,14.334999999999866,14.055
437,437,2019-03-27,14.475,14.7,13.8,14.055,14.055,183900,14.055,183900,-2.9015544041450774,0.5622646261948976,14.079999999999865,14.55
438,438,2019-03-28,14.1,15.15,14.1,14.55,14.55,246487,14.55,246487,3.191489361702135,0.7536211034089272,14.009999999999865,14.7
439,439,2019-03-29,14.85,14.865,14.25,14.7,14.7,138087,14.7,138087,-1.0101010101010124,0.42219377616843295,14.379999999999868,14.79
440,440,2019-04-01,14.7,15.15,14.415,14.79,14.79,226673,14.79,226673,0.6122448979591828,0.6930408353098206,14.434999999999869,14.535
441,441,2019-04-02,14.79,14.79,14.4,14.535,14.535,216373,14.535,216373,-1.7241379310344762,0.6615491243266372,14.67999999999987,15.6
442,442,2019-04-03,17.1,17.25,15.3,15.6,15.6,650307,15.6,650307,-8.771929824561413,1.9882796208098164,14.67499999999987,15.3
443,443,2019-04-04,15.585,16.049999,15.15,15.3,15.3,198080,15.3,198080,-1.828681424446584,0.6056192341309696,14.974999999999872,16.200001
444,444,2019-04-05,15.45,16.5,15.3,16.200001,16.200001,194933,16.200001,194933,4.854375404530751,0.5959974463189232,15.14499999999987,17.1
445,445,2019-04-08,16.35,17.549999,16.200001,17.1,17.1,338047,17.1,338047,4.587155963302751,1.0335610119157506,15.700000333333202,17.25
446,446,2019-04-09,17.4,18.6,16.65,17.25,17.25,312553,17.25,312553,-0.8620689655172332,0.955614441060869,16.200000333333204,16.65
447,447,2019-04-10,17.1,17.1,16.049999,16.65,16.65,146353,16.65,146353,-2.6315789473684377,0.44746663859435476,16.85000033333321,16.35
448,448,2019-04-11,16.200001,17.1,16.200001,16.35,16.35,81307,16.35,81307,0.9259196959308897,0.2485918975640486,16.999999999999872,16.5
449,449,2019-04-12,16.5,16.65,16.049999,16.5,16.5,72427,16.5,72427,0.0,0.22144176226980883,16.749999999999876,15.6
450,450,2019-04-15,16.35,16.5,15.0,15.6,15.6,158413,15.6,158413,-4.587155963302763,0.4843394574736939,16.499999999999876,15.0
451,451,2019-04-16,15.6,15.6,14.7,15.0,15.0,177813,15.0,177813,-3.8461538461538445,0.5436539422381366,16.149999999999874,15.15
452,452,2019-04-17,15.0,15.3,14.7,15.15,15.15,104107,15.15,104107,1.0000000000000024,0.3183017044006101,15.699999999999875,15.0
453,453,2019-04-18,15.0,15.3,14.265,15.0,15.0,157273,15.0,157273,0.0,0.4808539671318658,15.249999999999874,15.0
454,454,2019-04-22,15.0,15.15,14.925,15.0,15.0,53213,15.0,53213,0.0,0.1626959627716644,15.049999999999875,14.58
455,455,2019-04-23,15.15,15.3,14.55,14.58,14.58,148007,14.58,148007,-3.7623762376237644,0.4525236570376737,15.049999999999875,14.88
456,456,2019-04-24,14.85,15.0,14.28,14.88,14.88,118007,14.88,118007,0.2020202020202097,0.3608002269895665,14.859999999999873,15.0
457,457,2019-04-25,15.0,15.0,14.58,15.0,15.0,90600,15.0,90600,0.0,0.27700475874528396,14.819999999999874,15.75
458,458,2019-04-26,15.0,16.200001,14.85,15.75,15.75,269987,15.75,269987,5.0,0.8254711236132779,14.819999999999874,15.6
459,459,2019-04-29,15.9,16.35,15.3,15.6,15.6,237907,15.6,237907,-1.8867924528301931,0.7273882024151685,15.209999999999875,15.45
460,460,2019-04-30,15.75,16.200001,15.0,15.45,15.45,380347,15.45,380347,-1.9047619047619095,1.162891048283582,15.449999999999875,15.75
461,461,2019-05-01,15.75,15.9,15.0,15.75,15.75,256953,15.75,256953,0.0,0.7856203507050435,15.599999999999875,15.15
462,462,2019-05-02,15.6,15.6,15.0,15.15,15.15,75893,15.15,75893,-2.88461538461538,0.23203887588803349,15.599999999999875,15.0
463,463,2019-05-03,15.15,15.3,15.0,15.0,15.0,96527,15.0,96527,-0.9900990099009923,0.2951262510751217,15.449999999999875,14.775
464,464,2019-05-06,14.7,15.0,14.55,14.775,14.775,163387,14.775,163387,0.5102040816326603,0.49954720217567006,15.299999999999875,13.875
465,465,2019-05-07,14.745,14.85,13.83,13.875,13.875,233180,13.875,233180,-5.900305188199384,0.7129356472872551,14.974999999999874,13.83
466,466,2019-05-08,13.95,14.55,13.065,13.83,13.83,129913,13.83,129913,-0.8602150537634353,0.39720219892799197,14.549999999999875,13.215
467,467,2019-05-09,13.5,13.725,12.45,13.215,13.215,192793,13.215,192793,-2.111111111111112,0.5894545083088248,14.159999999999874,12.33
468,468,2019-05-10,13.05,13.305,12.075,12.33,12.33,226193,12.33,226193,-5.51724137931035,0.6915732604290509,13.639999999999874,11.805
469,469,2019-05-13,12.3,12.45,11.7,11.805,11.805,184233,11.805,184233,-4.024390243902447,0.5632827562684315,13.124999999999874,11.97
470,470,2019-05-14,12.15,12.285,11.85,11.97,11.97,116073,11.97,116073,-1.4814814814814792,0.35488712319913185,12.449999999999875,11.4
471,471,2019-05-15,12.0,12.075,10.965,11.4,11.4,176800,11.4,176800,-4.9999999999999964,0.5405567477501788,12.034999999999874,11.31
472,472,2019-05-16,11.55,11.85,11.235,11.31,11.31,94393,11.31,94393,-2.0779220779220795,0.28860165775103297,11.724999999999874,11.205
473,473,2019-05-17,11.205,11.55,11.1,11.205,11.205,68213,11.205,68213,0.0,0.20855767779571804,11.559999999999874,10.275
474,474,2019-05-20,10.77,10.8,9.6,10.275,10.275,386140,10.275,386140,-4.596100278551525,1.1806028426258715,11.304999999999874,11.52
475,475,2019-05-21,10.05,11.685,10.05,11.52,11.52,342393,11.52,342393,14.626865671641779,1.046848679482053,10.929999999999874,10.905
476,476,2019-05-22,11.25,11.4,10.53,10.905,10.905,144400,10.905,144400,-3.066666666666672,0.441495443298223,10.999999999999872,10.935
477,477,2019-05-23,10.5,11.1,10.2,10.935,10.935,81913,10.935,81913,4.142857142857148,0.2504447108510204,10.899999999999872,11.145
478,478,2019-05-24,10.95,11.49,10.725,11.145,11.145,144413,11.145,144413,1.7808219178082219,0.4415351901179105,11.119999999999875,10.875
479,479,2019-05-28,11.25,11.67,10.77,10.875,10.875,131727,10.875,131727,-3.3333333333333335,0.4027484089982342,10.994999999999877,10.56
480,480,2019-05-29,10.95,11.04,10.275,10.56,10.56,134807,10.56,134807,-3.5616438356164277,0.41216534781650654,10.984999999999877,10.545
481,481,2019-05-30,10.35,10.935,10.35,10.545,10.545,97267,10.545,97267,1.8840579710144956,0.2973887623496417,10.859999999999877,10.425
482,482,2019-05-31,10.35,10.5,10.08,10.425,10.425,89993,10.425,89993,0.7246376811594306,0.2751488880106439,10.659999999999878,10.275
483,483,2019-06-03,10.245,10.425,9.765,10.275,10.275,128940,10.275,128940,0.29282576866765386,0.39422730234676506,10.509999999999877,10.41
484,484,2019-06-04,10.425,10.785,9.915,10.41,10.41,246007,10.41,246007,-0.14388489208633637,0.7521535285281575,10.414999999999877,10.215
485,485,2019-06-05,10.35,10.47,9.615,10.215,10.215,152827,10.215,152827,-1.3043478260869545,0.4672605547987363,10.369999999999877,9.975
486,486,2019-06-06,10.35,10.35,9.45,9.975,9.975,130973,9.975,130973,-3.6231884057971016,0.4004430934563584,10.299999999999878,9.75
487,487,2019-06-07,9.9,9.975,9.615,9.75,9.75,105507,9.75,105507,-1.5151515151515187,0.32258213113618844,10.199999999999877,9.09
488,488,2019-06-10,9.705,9.75,9.0,9.09,9.09,218000,9.09,218000,-6.336939721792892,0.6665235916829129,9.979999999999878,9.0
489,489,2019-06-11,9.0,9.6,9.0,9.0,9.0,120740,9.0,120740,0.0,0.36915623146694904,9.604999999999878,9.645
490,490,2019-06-12,9.135,9.75,9.075,9.645,9.645,121020,9.645,121020,5.582922824302132,0.3700123168140647,9.279999999999875,9.78
491,491,2019-06-13,9.75,10.2,9.45,9.78,9.78,125013,9.78,125013,0.30769230769230116,0.3822207053534678,9.244999999999877,8.25
492,492,2019-06-14,9.0,9.0,8.19,8.25,8.25,328247,8.25,328247,-8.333333333333332,1.0035980247667022,9.474999999999877,8.18
493,493,2019-06-17,7.86,9.49,7.86,8.18,8.18,709100,8.18,709100,4.071246819338414,2.1680361415704286,9.224999999999875,7.12
494,494,2019-06-18,8.31,8.58,6.92,7.12,7.12,1068500,7.12,1068500,-14.320096269554758,3.2668828335467537,8.736666666666542,7.77
495,495,2019-06-19,7.1,7.84,7.02,7.77,7.77,445000,7.77,445000,9.43661971830986,1.3605642123802577,7.849999999999876,6.95
496,496,2019-06-20,7.9,7.9,6.913,6.95,6.95,972000,6.95,972000,-12.025316455696204,2.9718391335586753,7.689999999999876,6.96
497,497,2019-06-21,6.95,6.99,6.6,6.96,6.96,723600,6.96,723600,0.14388489208632785,2.2123691327603474,7.279999999999876,6.7
498,498,2019-06-24,6.95,6.95,6.35,6.7,6.7,605400,6.7,605400,-3.597122302158273,1.8509788183708047,7.226666666666542,6.68
499,499,2019-06-25,6.61,6.87,6.46,6.68,6.68,337600,6.68,337600,1.059001512859295,1.0321943328080339,6.869999999999876,6.38
500,500,2019-06-26,6.67,6.77,6.25,6.38,6.38,400100,6.38,400100,-4.347826086956522,1.223284812074924,6.779999999999876,7.03
501,501,2019-06-27,6.33,7.14,6.1,7.03,7.03,912000,7.03,912000,11.058451816745658,2.788392273462461,6.586666666666542,6.76
502,502,2019-06-28,7.06,7.06,6.51,6.76,6.76,575200,6.76,575200,-4.249291784702548,1.7586438987890434,6.696666666666542,6.92
503,503,2019-07-01,6.84,7.313,6.838,6.92,6.92,377400,6.92,377400,1.1695906432748548,1.1538807500051895,6.723333333333208,6.79
504,504,2019-07-02,6.89,7.01,6.711,6.79,6.79,202900,6.79,202900,-1.4513788098693707,0.6203561318920322,6.903333333333209,6.95
505,505,2019-07-03,6.73,7.15,6.663,6.95,6.95,190900,6.95,190900,3.2689450222882575,0.5836667598727893,6.823333333333209,7.3
506,506,2019-07-05,6.76,7.49,6.76,7.3,7.3,373800,7.3,373800,7.988165680473373,1.1428739383994166,6.886666666666542,7.39
507,507,2019-07-08,7.22,7.44,7.14,7.39,7.39,181000,7.39,181000,2.3545706371191124,0.5533980279569138,7.01333333333321,7.03
508,508,2019-07-09,7.28,7.39,6.67,7.03,7.03,507700,7.03,507700,-3.434065934065934,1.552266181180802,7.21333333333321,7.16
509,509,2019-07-10,7.0,7.2,6.81,7.16,7.16,252000,7.16,252000,2.285714285714288,0.770476812404101,7.239999999999878,7.14
510,510,2019-07-11,7.18,7.38,6.92,7.14,7.14,265100,7.14,265100,-0.5571030640668528,0.8105293768584412,7.193333333333211,7.74
511,511,2019-07-12,7.13,7.79,7.07,7.74,7.74,624800,7.74,624800,8.555399719495096,1.9102933031352474,7.109999999999878,7.66
512,512,2019-07-15,7.73,7.8,7.37,7.66,7.66,270400,7.66,270400,-0.9055627425614524,0.8267338495002735,7.346666666666543,10.38
513,513,2019-07-16,8.21,13.65,8.19,10.38,10.38,29559800,10.38,29559800,26.43118148599269,90.37754158453471,7.51333333333321,9.51
514,514,2019-07-17,10.2,11.26,9.33,9.51,9.51,7887300,9.51,7887300,-6.764705882352937,24.115006993947883,8.593333333333211,8.44
515,515,2019-07-18,9.67,9.8,8.33,8.44,8.44,2192600,8.44,2192600,-12.719751809720792,6.703759757449333,9.18333333333321,8.29
516,516,2019-07-19,8.6,8.69,8.05,8.29,8.29,1640600,8.29,1640600,-3.6046511627907036,5.01604864456416,9.443333333333209,8.95
517,517,2019-07-22,8.48,9.55,8.19,8.95,8.95,2400500,8.95,2400500,5.542452830188665,7.339403127682717,8.74666666666654,9.35
518,518,2019-07-23,9.45,10.1,9.22,9.35,9.35,1942200,9.35,1942200,-1.0582010582010546,5.938174861314464,8.559999999999873,8.94
519,519,2019-07-24,9.38,9.5,8.86,8.94,8.94,738700,8.94,738700,-4.690831556503212,2.258536592551228,8.863333333333207,9.77
520,520,2019-07-25,8.95,9.863,8.95,9.77,9.77,1163100,9.77,1163100,9.162011173184363,3.5561173829651187,9.079999999999872,9.75
521,521,2019-07-26,9.93,10.25,9.5,9.75,9.75,975100,9.75,975100,-1.812688821752263,2.9813172213303134,9.353333333333207,9.33
522,522,2019-07-29,9.7,9.78,9.08,9.33,9.33,404600,9.33,404600,-3.8144329896907134,1.2370433265821401,9.486666666666538,8.74
523,523,2019-07-30,9.14,9.3,8.7,8.74,8.74,463100,8.74,463100,-4.376367614879653,1.4159040151759492,9.61666666666654,8.78
524,524,2019-07-31,8.61,9.1,8.61,8.78,8.78,208800,8.78,208800,1.9744483159117299,0.6383950731348266,9.273333333333207,8.63
525,525,2019-08-01,8.58,8.99,8.54,8.63,8.63,247300,8.63,247300,0.582750582750591,0.756106808363231,8.949999999999873,7.8
526,526,2019-08-02,8.71,8.81,7.67,7.8,7.8,775500,7.8,775500,-10.447761194029862,2.3710506667435727,8.71666666666654,7.83
527,527,2019-08-05,7.68,8.45,7.61,7.83,7.83,670400,7.83,670400,1.9531250000000049,2.0497129168083705,8.403333333333206,8.48
528,528,2019-08-06,7.7,8.65,7.21,8.48,8.48,1212800,8.48,1212800,10.129870129870133,3.70807253207815,8.086666666666538,8.99
529,529,2019-08-07,8.43,9.1,8.0,8.99,8.99,607600,8.99,607600,6.642941874258606,1.8577052032409993,8.036666666666536,8.5
530,530,2019-08-08,8.79,9.015,8.38,8.5,8.5,392900,8.5,392900,-3.2992036405005596,1.2012711888633782,8.433333333333204,8.24
531,531,2019-08-09,8.39,8.48,7.82,8.24,8.24,358100,8.24,358100,-1.7878426698450578,1.0948720100075737,8.656666666666538,8.24
532,532,2019-08-12,7.93,8.28,7.62,8.24,8.24,428800,8.24,428800,3.909205548549817,1.31103356015428,8.576666666666538,8.02
533,533,2019-08-13,8.3,8.3,7.78,8.02,8.02,393900,8.02,393900,-3.3734939759036275,1.2043286365316483,8.326666666666538,7.72
534,534,2019-08-14,7.73,7.88,7.52,7.72,7.72,528200,7.72,528200,-0.1293661060802157,1.614943858380342,8.166666666666538,7.48
535,535,2019-08-15,7.54,7.88,7.27,7.48,7.48,385100,7.48,385100,-0.795755968169756,1.1774230970508703,7.993333333333204,7.45
536,536,2019-08-16,7.42,7.62,7.04,7.45,7.45,357300,7.45,357300,0.4043126684636152,1.0924260518729576,7.739999999999871,7.03
537,537,2019-08-19,7.3,7.45,7.0,7.03,7.03,285100,7.03,285100,-3.6986301369862957,0.8716783302238461,7.549999999999872,7.11
538,538,2019-08-20,7.06,7.3,6.75,7.11,7.11,481700,7.11,481700,0.708215297450435,1.4727725418057758,7.319999999999872,7.13
539,539,2019-08-21,6.95,7.23,6.95,7.13,7.13,125000,7.13,125000,2.5899280575539527,0.38218095853378026,7.196666666666538,7.14
540,540,2019-08-22,7.01,7.2,6.99,7.14,7.14,126300,7.14,126300,1.8544935805991425,0.3861556405025316,7.089999999999872,7.28
541,541,2019-08-23,7.15,7.28,7.08,7.28,7.28,153300,7.28,153300,1.8181818181818168,0.46870672754582815,7.126666666666538,7.17
542,542,2019-08-26,7.25,7.3,7.04,7.17,7.17,137700,7.17,137700,-1.1034482758620698,0.4210105439208124,7.183333333333206,6.67
543,543,2019-08-27,7.11,7.16,6.6,6.67,6.67,232500,6.67,232500,-6.188466947960624,0.7108565828728314,7.196666666666538,6.76
544,544,2019-08-28,6.55,6.95,6.51,6.76,6.76,148700,6.76,148700,3.206106870229007,0.454642468271785,7.039999999999871,6.89
545,545,2019-08-29,6.66,6.95,6.66,6.89,6.89,98600,6.89,98600,3.4534534534534465,0.3014643400914459,6.866666666666537,6.78
546,546,2019-08-30,6.8,6.94,6.728,6.78,6.78,109500,6.78,109500,-0.29411764705881727,0.33479051967559154,6.773333333333203,7.03
547,547,2019-09-03,6.68,7.19,6.68,7.03,7.03,120900,7.03,120900,5.23952095808384,0.36964542309387227,6.80999999999987,7.24
548,548,2019-09-04,7.1,7.531,7.01,7.24,7.24,355000,7.24,355000,1.971830985915501,1.085393922235936,6.899999999999871,7.38
549,549,2019-09-05,7.39,7.49,7.17,7.38,7.38,221200,7.38,221200,-0.1353179972936372,0.6763074242213776,7.016666666666538,7.3
550,550,2019-09-06,7.25,7.4,7.225,7.3,7.3,55300,7.3,55300,0.6896551724137907,0.1690768560553444,7.216666666666537,7.54
551,551,2019-09-09,7.3,7.77,7.3,7.54,7.54,199600,7.54,199600,3.2876712328767157,0.6102665545867404,7.306666666666537,7.91
552,552,2019-09-10,7.54,8.09,7.54,7.91,7.91,251200,7.91,251200,4.907161803713529,0.7680308542694848,7.406666666666536,8.14
553,553,2019-09-11,7.98,8.2,7.88,8.14,8.14,170500,8.14,170500,2.0050125313283225,0.5212948274400763,7.583333333333203,8.26
554,554,2019-09-12,7.97,8.45,7.97,8.26,8.26,345900,8.26,345900,3.6386449184441663,1.0575711484546768,7.863333333333203,8.66
555,555,2019-09-13,8.17,9.94,8.122,8.66,8.66,868200,8.66,868200,5.997552019583846,2.6544760655922244,8.103333333333204,9.52
556,556,2019-09-16,8.82,9.57,8.52,9.52,9.52,414200,9.52,414200,7.936507936507928,1.2663948241975342,8.353333333333206,10.31
557,557,2019-09-17,9.09,10.88,9.07,10.31,10.31,1357800,10.31,1357800,13.421342134213429,4.151402443977335,8.813333333333205,9.26
558,558,2019-09-18,10.18,10.79,9.01,9.26,9.26,841800,9.26,841800,-9.037328094302554,2.57375944714989,9.49666666666654,9.48
559,559,2019-09-19,9.27,9.53,8.835,9.48,9.48,318500,9.48,318500,2.2653721682847987,0.9737970823440721,9.69666666666654,9.27
560,560,2019-09-20,9.25,9.8,9.17,9.27,9.27,226700,9.27,226700,0.21621621621621162,0.6931233863968639,9.683333333333206,9.3
561,561,2019-09-23,9.25,9.58,9.03,9.3,9.3,172400,9.3,172400,0.5405405405405482,0.5271039780097898,9.336666666666538,9.01
562,562,2019-09-24,9.24,9.41,8.75,9.01,9.01,413200,9.01,413200,-2.489177489177494,1.2633373765292641,9.349999999999874,8.6
563,563,2019-09-25,8.92,9.04,8.24,8.6,8.6,471800,8.6,471800,-3.587443946188344,1.4425038098899003,9.193333333333205,8.67
564,564,2019-09-26,8.63,8.85,8.1,8.67,8.67,464800,8.67,464800,0.4634994206257143,1.4211016762120086,8.969999999999873,8.66
565,565,2019-09-27,8.61,8.82,8.26,8.66,8.66,259400,8.66,259400,0.5807200929152232,0.7931019251493009,8.759999999999872,8.43
566,566,2019-09-30,8.6,8.806,8.16,8.43,8.43,240900,8.43,240900,-1.976744186046511,0.7365391432863013,8.643333333333205,8.38
567,567,2019-10-01,8.42,8.59,8.23,8.38,8.38,167300,8.38,167300,-0.4750593824227927,0.5115109949016116,8.586666666666538,8.49
568,568,2019-10-02,8.28,8.55,7.85,8.49,8.49,198100,8.49,198100,2.5362318840579814,0.605680383084335,8.489999999999872,9.27
569,569,2019-10-03,8.48,9.39,8.365,9.27,9.27,236300,9.27,236300,9.316037735849045,0.7224748840122582,8.433333333333206,9.02
570,570,2019-10-04,9.54,9.54,8.85,9.02,9.02,208100,9.02,208100,-5.450733752620541,0.6362548597670374,8.713333333333205,9.06
571,571,2019-10-07,8.94,9.44,8.785,9.06,9.06,160900,9.06,160900,1.342281879194642,0.491943329824682,8.926666666666536,9.16
572,572,2019-10-08,9.04,9.3,8.9,9.16,9.16,188100,9.16,188100,1.3274336283185952,0.5751059064016326,9.116666666666537,9.11
573,573,2019-10-09,9.24,9.43,9.034,9.11,9.11,218000,9.11,218000,-1.4069264069264154,0.6665235916829129,9.079999999999869,8.58
574,574,2019-10-10,9.1,9.22,8.42,8.58,8.58,378700,8.58,378700,-5.71428571428571,1.1578554319739407,9.10999999999987,8.33
575,575,2019-10-11,8.67,8.77,8.27,8.33,8.33,350600,8.33,350600,-3.921568627450979,1.071941152495547,8.94999999999987,8.03
576,576,2019-10-14,8.17,8.34,7.86,8.03,8.03,285300,8.03,285300,-1.7135862913096767,0.8722898197575001,8.673333333333202,7.86
577,577,2019-10-15,8.13,8.25,7.82,7.86,7.86,384800,7.86,384800,-3.321033210332109,1.1765058627503893,8.313333333333203,7.38
578,578,2019-10-16,7.89,8.05,7.35,7.38,7.38,392300,7.38,392300,-6.463878326996195,1.199436720262416,8.073333333333203,8.03
579,579,2019-10-17,7.36,8.23,7.36,8.03,8.03,340200,8.03,340200,9.103260869565204,1.0401436967455364,7.756666666666535,7.49
580,580,2019-10-18,7.91,8.07,7.47,7.49,7.49,209400,7.49,209400,-5.309734513274336,0.6402295417357887,7.756666666666535,7.21
581,581,2019-10-21,7.47,7.646,7.12,7.21,7.21,304900,7.21,304900,-3.480589022757695,0.9322157940555968,7.633333333333202,7.5
582,582,2019-10-22,7.2,7.5,6.89,7.5,7.5,402400,7.5,402400,4.166666666666664,1.2303169417119455,7.5766666666665365,7.68
583,583,2019-10-23,7.53,7.72,7.31,7.68,7.68,218100,7.68,218100,1.9920318725099533,0.6668293364497399,7.399999999999871,7.33
584,584,2019-10-24,7.54,7.56,7.25,7.33,7.33,197800,7.33,197800,-2.785145888594164,0.604763148783854,7.463333333333203,7.44
585,585,2019-10-25,7.25,7.58,7.17,7.44,7.44,251300,7.44,251300,2.620689655172419,0.7683365990363119,7.503333333333202,7.4
586,586,2019-10-28,7.44,7.65,7.38,7.4,7.4,153600,7.4,153600,-0.5376344086021511,0.4696239618463092,7.483333333333203,7.05
587,587,2019-10-29,7.34,7.404,6.91,7.05,7.05,328500,7.05,328500,-3.9509536784741153,1.0043715590267746,7.38999999999987,7.09
588,588,2019-10-30,7.0,7.39,6.9,7.09,7.09,327500,7.09,327500,1.2857142857142836,1.0013141113585042,7.296666666666536,7.16
589,589,2019-10-31,6.86,7.76,6.55,7.16,7.16,671100,7.16,671100,4.373177842565594,2.0518531301761596,7.179999999999869,8.3
590,590,2019-11-01,7.31,8.32,7.05,8.3,8.3,807200,8.3,807200,13.543091655266773,2.4679717578277396,7.099999999999869,8.71
591,591,2019-11-04,8.39,10.27,8.3,8.71,8.71,1183700,8.71,1183700,3.8140643623361177,3.619100804931486,7.516666666666535,8.75
592,592,2019-11-05,8.66,9.03,8.47,8.75,8.75,348600,8.75,348600,1.0392609699769038,1.0658262571590065,8.056666666666535,8.49
593,593,2019-11-06,8.67,8.93,8.3,8.49,8.49,173200,8.49,173200,-2.076124567474045,0.5295499361444059,8.586666666666535,7.92
594,594,2019-11-07,8.44,8.54,7.92,7.92,7.92,281800,7.92,281800,-6.1611374407582895,0.8615887529185543,8.649999999999867,7.71
595,595,2019-11-08,7.85,8.02,7.67,7.71,7.71,163800,7.71,163800,-1.783439490445856,0.5008099280626657,8.386666666666533,7.55
596,596,2019-11-11,7.71,7.72,7.4,7.55,7.55,191900,7.55,191900,-2.0752269779507153,0.5867242075410595,8.039999999999866,7.23
597,597,2019-11-12,7.41,7.56,7.11,7.23,7.23,325500,7.23,325500,-2.4291497975708465,0.9951992160219638,7.726666666666534,7.28
598,598,2019-11-13,7.25,7.4,7.23,7.28,7.28,210500,7.28,210500,0.41379310344827924,0.643592734170886,7.496666666666535,7.24
599,599,2019-11-14,7.25,7.402,7.106,7.24,7.24,279400,7.24,279400,-0.13793103448275568,0.8542508785147057,7.353333333333201,7.36
600,600,2019-11-15,7.15,7.44,7.03,7.36,7.36,158300,7.36,158300,2.937062937062936,0.48399396588717936,7.2499999999998685,7.6
601,601,2019-11-18,7.17,7.76,7.05,7.6,7.6,351400,7.6,351400,5.997210599721056,1.0743871106301632,7.2933333333332016,7.92
602,602,2019-11-19,7.54,7.96,7.5,7.92,7.92,127900,7.92,127900,5.0397877984084865,0.391047556771764,7.399999999999868,7.52
603,603,2019-11-20,7.94,7.94,7.5,7.52,7.52,162800,7.52,162800,-5.289672544080615,0.49775248039439546,7.626666666666535,7.25
604,604,2019-11-21,7.58,7.62,7.12,7.25,7.25,222500,7.25,222500,-4.353562005277046,0.6802821061901289,7.679999999999868,7.08
605,605,2019-11-22,7.21,7.5,6.93,7.08,7.08,394500,7.08,394500,-1.803051317614423,1.2061631051326105,7.563333333333202,6.97
606,606,2019-11-25,7.05,7.25,6.9,6.97,6.97,274700,6.97,274700,-1.1347517730496466,0.8398808744738355,7.283333333333201,6.81
607,607,2019-11-26,6.97,7.12,6.71,6.81,6.81,342300,6.81,342300,-2.295552367288381,1.046564336848904,7.099999999999867,6.56
608,608,2019-11-27,6.77,6.77,6.36,6.56,6.56,459400,6.56,459400,-3.1019202363367797,1.4045914588033492,6.953333333333201,6.74
609,609,2019-11-29,6.48,6.97,6.385,6.74,6.74,199500,6.74,199500,4.012345679012342,0.6099608098199133,6.779999999999866,6.98
610,610,2019-12-02,6.7,7.007,6.58,6.98,6.98,220700,6.98,220700,4.1791044776119435,0.6747787003872424,6.703333333333201,6.82
611,611,2019-12-03,6.81,6.98,6.716,6.82,6.82,219800,6.82,219800,0.14684287812042107,0.6720269974857992,6.7599999999998674,6.73
612,612,2019-12-04,6.79,6.79,6.65,6.73,6.73,321800,6.73,321800,-0.8836524300441769,0.983886659649364,6.846666666666535,6.57
613,613,2019-12-05,6.7,6.82,6.33,6.57,6.57,462700,6.57,462700,-1.940298507462685,1.414681036108641,6.843333333333201,6.9
614,614,2019-12-06,6.57,6.93,6.51,6.9,6.9,338900,6.9,338900,5.022831050228311,1.036169014776785,6.706666666666535,6.8
615,615,2019-12-09,6.83,6.98,6.65,6.8,6.8,203800,6.8,203800,-0.4392386530014678,0.6231078347934754,6.733333333333202,6.9
616,616,2019-12-10,6.72,7.0,6.72,6.9,6.9,101000,6.9,101000,2.6785714285714377,0.3088022144952945,6.756666666666535,6.9
617,617,2019-12-11,6.82,7.15,6.79,6.9,6.9,194400,6.9,194400,1.1730205278592385,0.594367826711735,6.866666666666535,7.06
618,618,2019-12-12,6.85,7.08,6.85,7.06,7.06,183800,7.06,183800,3.065693430656934,0.5619588814280705,6.866666666666535,7.23
619,619,2019-12-13,6.97,7.41,6.97,7.23,7.23,151000,7.23,151000,3.730272596843625,0.4616745979088066,6.953333333333201,7.17
620,620,2019-12-16,7.15,7.42,7.08,7.17,7.17,185100,7.17,185100,0.27972027972027375,0.5659335633968219,7.0633333333332,7.61
621,621,2019-12-17,7.15,7.88,7.14,7.61,7.61,493600,7.61,493600,6.433566433566433,1.5091561690581916,7.153333333333201,7.41
622,622,2019-12-18,7.5,7.66,7.32,7.41,7.41,217400,7.41,217400,-1.1999999999999982,0.6646891230819507,7.3366666666665346,7.71
623,623,2019-12-19,7.33,7.8,7.33,7.71,7.71,232800,7.71,232800,5.184174624829466,0.7117738171733125,7.396666666666534,7.61
624,624,2019-12-20,7.72,7.82,7.49,7.61,7.61,231100,7.61,231100,-1.4248704663212364,0.706576156137253,7.576666666666536,7.61
625,625,2019-12-23,7.56,7.665,7.5,7.61,7.61,88200,7.61,88200,0.6613756613756708,0.2696668843414354,7.576666666666536,7.67
626,626,2019-12-24,7.5,7.726,7.5,7.67,7.67,55800,7.67,55800,2.2666666666666657,0.17060557988947953,7.643333333333202,7.47
627,627,2019-12-26,7.68,7.72,7.39,7.47,7.47,95000,7.47,95000,-2.7343749999999996,0.290457528485673,7.6299999999998676,7.15
628,628,2019-12-27,7.38,7.44,7.13,7.15,7.15,237400,7.15,237400,-3.1165311653116468,0.7258380764473555,7.583333333333201,6.79
629,629,2019-12-30,7.12,7.18,6.78,6.79,6.79,275700,6.79,275700,-4.6348314606741585,0.8429383221421058,7.429999999999867,6.58
630,630,2019-12-31,6.7,6.86,6.52,6.58,6.58,444800,6.58,444800,-1.7910447761194044,1.3599527228466037,7.136666666666533,
